// sokol-shdc 11d0cf6 source sha256 2d67b17aaa4c7bbf1877655098bf557d1b377dbbef923ec2f3a0bd4de2b5d0f2
// Generated by tools/sokol_shaders.py from crates/sc-render/shaders/sky.glsl; never edit.
#![allow(dead_code)]
use crate::gfx as sg;
/*
    #version:1# (machine generated, don't edit!)

    Generated by sokol-shdc (https://github.com/floooh/sokol-tools)

    Overview:
    =========
    Shader program: 'screen':
        Get shader desc: screen_shader_desc(sg::query_backend());
        Vertex Shader: screen_vs
        Fragment Shader: screen_fs
        Attributes:
    Shader program: 'sky':
        Get shader desc: sky_shader_desc(sg::query_backend());
        Vertex Shader: sky_vs
        Fragment Shader: sky_fs
        Attributes:
    Bindings:
        Uniform block 'screen_vs_params':
            Rust struct: ScreenVsParams
            Bind slot: UB_SCREEN_VS_PARAMS => 0
        Uniform block 'screen_fs_params':
            Rust struct: ScreenFsParams
            Bind slot: UB_SCREEN_FS_PARAMS => 1
        Uniform block 'sky_vs_params':
            Rust struct: SkyVsParams
            Bind slot: UB_SKY_VS_PARAMS => 0
        Uniform block 'sky_fs_params':
            Rust struct: SkyFsParams
            Bind slot: UB_SKY_FS_PARAMS => 1
        Texture 'tex':
            Image type: sg::ImageType::Dim2
            Sample type: sg::ImageSampleType::Float
            Multisampled: false
            Bind slot: VIEW_TEX => 0
        Sampler 'smp':
            Type: sg::SamplerType::Filtering
            Bind slot: SMP_SMP => 0
*/
pub const UB_SCREEN_VS_PARAMS: usize = 0;
pub const UB_SCREEN_FS_PARAMS: usize = 1;
pub const UB_SKY_VS_PARAMS: usize = 0;
pub const UB_SKY_FS_PARAMS: usize = 1;
pub const VIEW_TEX: usize = 0;
pub const SMP_SMP: usize = 0;
#[repr(C, align(16))]
pub struct ScreenVsParams {
    pub mvp: [f32; 16],
}
#[repr(C, align(16))]
pub struct ScreenFsParams {
    pub look: [f32; 4],
}
#[repr(C, align(16))]
pub struct SkyVsParams {
    pub inv_vp: [f32; 16],
}
#[repr(C, align(16))]
pub struct SkyFsParams {
    pub sun: [f32; 4],
    pub sun_colour: [f32; 4],
    pub planet: [f32; 4],
    pub ocean: [f32; 4],
    pub land: [f32; 4],
    pub cloud: [f32; 4],
    pub atmosphere: [f32; 4],
    pub stars: [f32; 4],
}
/*
    #version 410

    uniform vec4 sky_vs_params[4];
    layout(location = 0) out vec3 ray;

    void main()
    {
        vec4 _42 = vec4((vec2(float((gl_VertexID << 1) & 2), float(gl_VertexID & 2)) * 2.0) - vec2(1.0), 1.0, 1.0);
        vec4 _43 = mat4(sky_vs_params[0], sky_vs_params[1], sky_vs_params[2], sky_vs_params[3]) * _42;
        ray = _43.xyz / vec3(_43.w);
        gl_Position = _42;
    }

*/
pub const SKY_VS_SOURCE_GLSL410: [u8; 366] = [
    0x23, 0x76, 0x65, 0x72, 0x73, 0x69, 0x6f, 0x6e, 0x20, 0x34, 0x31, 0x30, 0x0a, 0x0a, 0x75, 0x6e, 0x69, 0x66, 0x6f,
    0x72, 0x6d, 0x20, 0x76, 0x65, 0x63, 0x34, 0x20, 0x73, 0x6b, 0x79, 0x5f, 0x76, 0x73, 0x5f, 0x70, 0x61, 0x72, 0x61,
    0x6d, 0x73, 0x5b, 0x34, 0x5d, 0x3b, 0x0a, 0x6c, 0x61, 0x79, 0x6f, 0x75, 0x74, 0x28, 0x6c, 0x6f, 0x63, 0x61, 0x74,
    0x69, 0x6f, 0x6e, 0x20, 0x3d, 0x20, 0x30, 0x29, 0x20, 0x6f, 0x75, 0x74, 0x20, 0x76, 0x65, 0x63, 0x33, 0x20, 0x72,
    0x61, 0x79, 0x3b, 0x0a, 0x0a, 0x76, 0x6f, 0x69, 0x64, 0x20, 0x6d, 0x61, 0x69, 0x6e, 0x28, 0x29, 0x0a, 0x7b, 0x0a,
    0x20, 0x20, 0x20, 0x20, 0x76, 0x65, 0x63, 0x34, 0x20, 0x5f, 0x34, 0x32, 0x20, 0x3d, 0x20, 0x76, 0x65, 0x63, 0x34,
    0x28, 0x28, 0x76, 0x65, 0x63, 0x32, 0x28, 0x66, 0x6c, 0x6f, 0x61, 0x74, 0x28, 0x28, 0x67, 0x6c, 0x5f, 0x56, 0x65,
    0x72, 0x74, 0x65, 0x78, 0x49, 0x44, 0x20, 0x3c, 0x3c, 0x20, 0x31, 0x29, 0x20, 0x26, 0x20, 0x32, 0x29, 0x2c, 0x20,
    0x66, 0x6c, 0x6f, 0x61, 0x74, 0x28, 0x67, 0x6c, 0x5f, 0x56, 0x65, 0x72, 0x74, 0x65, 0x78, 0x49, 0x44, 0x20, 0x26,
    0x20, 0x32, 0x29, 0x29, 0x20, 0x2a, 0x20, 0x32, 0x2e, 0x30, 0x29, 0x20, 0x2d, 0x20, 0x76, 0x65, 0x63, 0x32, 0x28,
    0x31, 0x2e, 0x30, 0x29, 0x2c, 0x20, 0x31, 0x2e, 0x30, 0x2c, 0x20, 0x31, 0x2e, 0x30, 0x29, 0x3b, 0x0a, 0x20, 0x20,
    0x20, 0x20, 0x76, 0x65, 0x63, 0x34, 0x20, 0x5f, 0x34, 0x33, 0x20, 0x3d, 0x20, 0x6d, 0x61, 0x74, 0x34, 0x28, 0x73,
    0x6b, 0x79, 0x5f, 0x76, 0x73, 0x5f, 0x70, 0x61, 0x72, 0x61, 0x6d, 0x73, 0x5b, 0x30, 0x5d, 0x2c, 0x20, 0x73, 0x6b,
    0x79, 0x5f, 0x76, 0x73, 0x5f, 0x70, 0x61, 0x72, 0x61, 0x6d, 0x73, 0x5b, 0x31, 0x5d, 0x2c, 0x20, 0x73, 0x6b, 0x79,
    0x5f, 0x76, 0x73, 0x5f, 0x70, 0x61, 0x72, 0x61, 0x6d, 0x73, 0x5b, 0x32, 0x5d, 0x2c, 0x20, 0x73, 0x6b, 0x79, 0x5f,
    0x76, 0x73, 0x5f, 0x70, 0x61, 0x72, 0x61, 0x6d, 0x73, 0x5b, 0x33, 0x5d, 0x29, 0x20, 0x2a, 0x20, 0x5f, 0x34, 0x32,
    0x3b, 0x0a, 0x20, 0x20, 0x20, 0x20, 0x72, 0x61, 0x79, 0x20, 0x3d, 0x20, 0x5f, 0x34, 0x33, 0x2e, 0x78, 0x79, 0x7a,
    0x20, 0x2f, 0x20, 0x76, 0x65, 0x63, 0x33, 0x28, 0x5f, 0x34, 0x33, 0x2e, 0x77, 0x29, 0x3b, 0x0a, 0x20, 0x20, 0x20,
    0x20, 0x67, 0x6c, 0x5f, 0x50, 0x6f, 0x73, 0x69, 0x74, 0x69, 0x6f, 0x6e, 0x20, 0x3d, 0x20, 0x5f, 0x34, 0x32, 0x3b,
    0x0a, 0x7d, 0x0a, 0x0a, 0x00,
];
/*
    #version 410

    uniform vec4 sky_fs_params[8];
    layout(location = 0) in vec3 ray;
    layout(location = 0) out vec4 frag_color;

    vec3 hash33(inout vec3 p)
    {
        p = fract(p * vec3(0.103100001811981201171875, 0.10300000011920928955078125, 0.097300000488758087158203125));
        p += vec3(dot(p, p.yxz + vec3(33.3300018310546875)));
        return fract((p.xxy + p.yxx) * p.zyx);
    }

    float hash13(inout vec3 p)
    {
        p = fract(p * 0.103100001811981201171875);
        p += vec3(dot(p, p.zyx + vec3(31.31999969482421875)));
        return fract((p.x + p.y) * p.z);
    }

    vec3 star_grid(vec3 d, float scale, float size_px)
    {
        vec3 _214 = floor(d * scale);
        vec3 param = _214;
        vec3 _218 = hash33(param);
        if (_218.z > sky_fs_params[7].x)
        {
            return vec3(0.0);
        }
        float _259 = clamp(1.0 - ((acos(clamp(dot(d, normalize((_214 + vec3(0.20000000298023223876953125)) + (_218 * 0.60000002384185791015625))), -1.0, 1.0)) / sky_fs_params[7].z) / size_px), 0.0, 1.0);
        vec3 param_1 = _214 + vec3(7.0);
        float _266 = hash13(param_1);
        return (((mix(vec3(0.75, 0.85000002384185791015625, 1.0), vec3(1.0, 0.89999997615814208984375, 0.75), vec3(_266)) * _259) * _259) * sky_fs_params[7].y) * (0.1500000059604644775390625 + (((0.85000002384185791015625 * _218.y) * _218.y) * _218.y));
    }

    float _noise(vec3 p)
    {
        vec3 _88 = floor(p);
        vec3 _91 = fract(p);
        vec3 _101 = (_91 * _91) * (vec3(3.0) - (_91 * 2.0));
        vec3 param = _88;
        float _105 = hash13(param);
        vec3 param_1 = _88 + vec3(1.0, 0.0, 0.0);
        float _112 = hash13(param_1);
        float _114 = _101.x;
        vec3 param_2 = _88 + vec3(0.0, 1.0, 0.0);
        float _120 = hash13(param_2);
        vec3 param_3 = _88 + vec3(1.0, 1.0, 0.0);
        float _125 = hash13(param_3);
        float _130 = _101.y;
        vec3 param_4 = _88 + vec3(0.0, 0.0, 1.0);
        float _137 = hash13(param_4);
        vec3 param_5 = _88 + vec3(1.0, 0.0, 1.0);
        float _142 = hash13(param_5);
        vec3 param_6 = _88 + vec3(0.0, 1.0, 1.0);
        float _150 = hash13(param_6);
        vec3 param_7 = _88 + vec3(1.0);
        float _155 = hash13(param_7);
        return mix(mix(mix(_105, _112, _114), mix(_120, _125, _114), _130), mix(mix(_137, _142, _114), mix(_150, _155, _114), _130), _101.z);
    }

    float fbm(inout vec3 p)
    {
        float s = 0.0;
        float a = 0.5;
        for (int i = 0; i < 5; i++)
        {
            vec3 param = p;
            s += (a * _noise(param));
            p = (p * 2.0299999713897705078125) + vec3(1.7000000476837158203125, 9.19999980926513671875, 3.099999904632568359375);
            a *= 0.5;
        }
        return s;
    }

    void main()
    {
        vec3 _302 = normalize(ray);
        vec3 param = _302;
        float param_1 = 90.0;
        float param_2 = 1.60000002384185791015625;
        vec3 param_3 = _302;
        float param_4 = 160.0;
        float param_5 = 1.10000002384185791015625;
        vec3 param_6 = _302;
        float param_7 = 300.0;
        float param_8 = 0.800000011920928955078125;
        float _333 = dot(_302, sky_fs_params[0].xyz);
        float _352 = max(_333, 0.0);
        vec3 c = ((star_grid(param, param_1, param_2) + star_grid(param_3, param_4, param_5)) + star_grid(param_6, param_7, param_8)) + (sky_fs_params[1].xyz * (((smoothstep(sky_fs_params[0].w - 1.9999999494757503271102905273438e-05, sky_fs_params[0].w + 1.9999999494757503271102905273438e-05, _333) * 8.0) + (sky_fs_params[1].w * pow(_352, 400.0))) + ((0.039999999105930328369140625 * sky_fs_params[1].w) * pow(_352, 12.0))));
        float _381 = dot(_302, sky_fs_params[2].xyz);
        float _385 = _381 * _381;
        float _390 = _385 - (1.0 - (sky_fs_params[2].w * sky_fs_params[2].w));
        float _406 = sqrt(max(1.0 - _385, 0.0)) / sky_fs_params[2].w;
        bool _414 = _381 > 0.0;
        if ((_390 > 0.0) && _414)
        {
            vec3 _429 = normalize((_302 * (_381 - sqrt(_390))) - sky_fs_params[2].xyz);
            float _433 = dot(_429, sky_fs_params[0].xyz);
            float _440 = (0.5 - sky_fs_params[3].w) * 0.3499999940395355224609375;
            vec3 param_9 = (_429 * 3.0) + vec3(4.0);
            float _454 = fbm(param_9);
            vec3 param_10 = _429 * 4.0;
            float _482 = fbm(param_10);
            vec3 param_11 = vec3(_429.x * 2.5, _429.y * 7.0, _429.z * 2.5) + vec3(_482 * 1.5);
            float _488 = fbm(param_11);
            float _493 = (0.5 - sky_fs_params[4].w) * 0.3499999940395355224609375;
            vec3 _512 = mix(mix(sky_fs_params[3].xyz, sky_fs_params[4].xyz, vec3(smoothstep(_440 + 0.48500001430511474609375, _440 + 0.51499998569488525390625, _454))), sky_fs_params[5].xyz, vec3(smoothstep(_493 + 0.439999997615814208984375, _493 + 0.60000002384185791015625, _488 * 0.75)));
            float _517 = smoothstep(-0.07999999821186065673828125, 0.25, _433);
            c = ((((_512 * sky_fs_params[1].xyz) * max(_433, 0.0)) * 1.10000002384185791015625) + ((_512 * sky_fs_params[5].w) * (1.0 - _517))) + (((sky_fs_params[6].xyz * pow(1.0 - max(dot(_429, -_302), 0.0), 3.0)) * _517) * 0.800000011920928955078125);
        }
        else
        {
            bool _566;
            if (_414)
            {
                _566 = _406 < (1.0 + (sky_fs_params[6].w * 3.0));
            }
            else
            {
                _566 = _414;
            }
            if (_566)
            {
                c += (((sky_fs_params[6].xyz * exp((1.0 - _406) / max(sky_fs_params[6].w, 9.9999997473787516355514526367188e-05))) * smoothstep(-0.300000011920928955078125, 0.300000011920928955078125, dot(normalize((_302 * _381) - sky_fs_params[2].xyz), sky_fs_params[0].xyz))) * 0.89999997615814208984375);
            }
        }
        frag_color = vec4(c, 1.0);
    }

*/
pub const SKY_FS_SOURCE_GLSL410: [u8; 5443] = [
    0x23, 0x76, 0x65, 0x72, 0x73, 0x69, 0x6f, 0x6e, 0x20, 0x34, 0x31, 0x30, 0x0a, 0x0a, 0x75, 0x6e, 0x69, 0x66, 0x6f,
    0x72, 0x6d, 0x20, 0x76, 0x65, 0x63, 0x34, 0x20, 0x73, 0x6b, 0x79, 0x5f, 0x66, 0x73, 0x5f, 0x70, 0x61, 0x72, 0x61,
    0x6d, 0x73, 0x5b, 0x38, 0x5d, 0x3b, 0x0a, 0x6c, 0x61, 0x79, 0x6f, 0x75, 0x74, 0x28, 0x6c, 0x6f, 0x63, 0x61, 0x74,
    0x69, 0x6f, 0x6e, 0x20, 0x3d, 0x20, 0x30, 0x29, 0x20, 0x69, 0x6e, 0x20, 0x76, 0x65, 0x63, 0x33, 0x20, 0x72, 0x61,
    0x79, 0x3b, 0x0a, 0x6c, 0x61, 0x79, 0x6f, 0x75, 0x74, 0x28, 0x6c, 0x6f, 0x63, 0x61, 0x74, 0x69, 0x6f, 0x6e, 0x20,
    0x3d, 0x20, 0x30, 0x29, 0x20, 0x6f, 0x75, 0x74, 0x20, 0x76, 0x65, 0x63, 0x34, 0x20, 0x66, 0x72, 0x61, 0x67, 0x5f,
    0x63, 0x6f, 0x6c, 0x6f, 0x72, 0x3b, 0x0a, 0x0a, 0x76, 0x65, 0x63, 0x33, 0x20, 0x68, 0x61, 0x73, 0x68, 0x33, 0x33,
    0x28, 0x69, 0x6e, 0x6f, 0x75, 0x74, 0x20, 0x76, 0x65, 0x63, 0x33, 0x20, 0x70, 0x29, 0x0a, 0x7b, 0x0a, 0x20, 0x20,
    0x20, 0x20, 0x70, 0x20, 0x3d, 0x20, 0x66, 0x72, 0x61, 0x63, 0x74, 0x28, 0x70, 0x20, 0x2a, 0x20, 0x76, 0x65, 0x63,
    0x33, 0x28, 0x30, 0x2e, 0x31, 0x30, 0x33, 0x31, 0x30, 0x30, 0x30, 0x30, 0x31, 0x38, 0x31, 0x31, 0x39, 0x38, 0x31,
    0x32, 0x30, 0x31, 0x31, 0x37, 0x31, 0x38, 0x37, 0x35, 0x2c, 0x20, 0x30, 0x2e, 0x31, 0x30, 0x33, 0x30, 0x30, 0x30,
    0x30, 0x30, 0x30, 0x31, 0x31, 0x39, 0x32, 0x30, 0x39, 0x32, 0x38, 0x39, 0x35, 0x35, 0x30, 0x37, 0x38, 0x31, 0x32,
    0x35, 0x2c, 0x20, 0x30, 0x2e, 0x30, 0x39, 0x37, 0x33, 0x30, 0x30, 0x30, 0x30, 0x30, 0x34, 0x38, 0x38, 0x37, 0x35,
    0x38, 0x30, 0x38, 0x37, 0x31, 0x35, 0x38, 0x32, 0x30, 0x33, 0x31, 0x32, 0x35, 0x29, 0x29, 0x3b, 0x0a, 0x20, 0x20,
    0x20, 0x20, 0x70, 0x20, 0x2b, 0x3d, 0x20, 0x76, 0x65, 0x63, 0x33, 0x28, 0x64, 0x6f, 0x74, 0x28, 0x70, 0x2c, 0x20,
    0x70, 0x2e, 0x79, 0x78, 0x7a, 0x20, 0x2b, 0x20, 0x76, 0x65, 0x63, 0x33, 0x28, 0x33, 0x33, 0x2e, 0x33, 0x33, 0x30,
    0x30, 0x30, 0x31, 0x38, 0x33, 0x31, 0x30, 0x35, 0x34, 0x36, 0x38, 0x37, 0x35, 0x29, 0x29, 0x29, 0x3b, 0x0a, 0x20,
    0x20, 0x20, 0x20, 0x72, 0x65, 0x74, 0x75, 0x72, 0x6e, 0x20, 0x66, 0x72, 0x61, 0x63, 0x74, 0x28, 0x28, 0x70, 0x2e,
    0x78, 0x78, 0x79, 0x20, 0x2b, 0x20, 0x70, 0x2e, 0x79, 0x78, 0x78, 0x29, 0x20, 0x2a, 0x20, 0x70, 0x2e, 0x7a, 0x79,
    0x78, 0x29, 0x3b, 0x0a, 0x7d, 0x0a, 0x0a, 0x66, 0x6c, 0x6f, 0x61, 0x74, 0x20, 0x68, 0x61, 0x73, 0x68, 0x31, 0x33,
    0x28, 0x69, 0x6e, 0x6f, 0x75, 0x74, 0x20, 0x76, 0x65, 0x63, 0x33, 0x20, 0x70, 0x29, 0x0a, 0x7b, 0x0a, 0x20, 0x20,
    0x20, 0x20, 0x70, 0x20, 0x3d, 0x20, 0x66, 0x72, 0x61, 0x63, 0x74, 0x28, 0x70, 0x20, 0x2a, 0x20, 0x30, 0x2e, 0x31,
    0x30, 0x33, 0x31, 0x30, 0x30, 0x30, 0x30, 0x31, 0x38, 0x31, 0x31, 0x39, 0x38, 0x31, 0x32, 0x30, 0x31, 0x31, 0x37,
    0x31, 0x38, 0x37, 0x35, 0x29, 0x3b, 0x0a, 0x20, 0x20, 0x20, 0x20, 0x70, 0x20, 0x2b, 0x3d, 0x20, 0x76, 0x65, 0x63,
    0x33, 0x28, 0x64, 0x6f, 0x74, 0x28, 0x70, 0x2c, 0x20, 0x70, 0x2e, 0x7a, 0x79, 0x78, 0x20, 0x2b, 0x20, 0x76, 0x65,
    0x63, 0x33, 0x28, 0x33, 0x31, 0x2e, 0x33, 0x31, 0x39, 0x39, 0x39, 0x39, 0x36, 0x39, 0x34, 0x38, 0x32, 0x34, 0x32,
    0x31, 0x38, 0x37, 0x35, 0x29, 0x29, 0x29, 0x3b, 0x0a, 0x20, 0x20, 0x20, 0x20, 0x72, 0x65, 0x74, 0x75, 0x72, 0x6e,
    0x20, 0x66, 0x72, 0x61, 0x63, 0x74, 0x28, 0x28, 0x70, 0x2e, 0x78, 0x20, 0x2b, 0x20, 0x70, 0x2e, 0x79, 0x29, 0x20,
    0x2a, 0x20, 0x70, 0x2e, 0x7a, 0x29, 0x3b, 0x0a, 0x7d, 0x0a, 0x0a, 0x76, 0x65, 0x63, 0x33, 0x20, 0x73, 0x74, 0x61,
    0x72, 0x5f, 0x67, 0x72, 0x69, 0x64, 0x28, 0x76, 0x65, 0x63, 0x33, 0x20, 0x64, 0x2c, 0x20, 0x66, 0x6c, 0x6f, 0x61,
    0x74, 0x20, 0x73, 0x63, 0x61, 0x6c, 0x65, 0x2c, 0x20, 0x66, 0x6c, 0x6f, 0x61, 0x74, 0x20, 0x73, 0x69, 0x7a, 0x65,
    0x5f, 0x70, 0x78, 0x29, 0x0a, 0x7b, 0x0a, 0x20, 0x20, 0x20, 0x20, 0x76, 0x65, 0x63, 0x33, 0x20, 0x5f, 0x32, 0x31,
    0x34, 0x20, 0x3d, 0x20, 0x66, 0x6c, 0x6f, 0x6f, 0x72, 0x28, 0x64, 0x20, 0x2a, 0x20, 0x73, 0x63, 0x61, 0x6c, 0x65,
    0x29, 0x3b, 0x0a, 0x20, 0x20, 0x20, 0x20, 0x76, 0x65, 0x63, 0x33, 0x20, 0x70, 0x61, 0x72, 0x61, 0x6d, 0x20, 0x3d,
    0x20, 0x5f, 0x32, 0x31, 0x34, 0x3b, 0x0a, 0x20, 0x20, 0x20, 0x20, 0x76, 0x65, 0x63, 0x33, 0x20, 0x5f, 0x32, 0x31,
    0x38, 0x20, 0x3d, 0x20, 0x68, 0x61, 0x73, 0x68, 0x33, 0x33, 0x28, 0x70, 0x61, 0x72, 0x61, 0x6d, 0x29, 0x3b, 0x0a,
    0x20, 0x20, 0x20, 0x20, 0x69, 0x66, 0x20, 0x28, 0x5f, 0x32, 0x31, 0x38, 0x2e, 0x7a, 0x20, 0x3e, 0x20, 0x73, 0x6b,
    0x79, 0x5f, 0x66, 0x73, 0x5f, 0x70, 0x61, 0x72, 0x61, 0x6d, 0x73, 0x5b, 0x37, 0x5d, 0x2e, 0x78, 0x29, 0x0a, 0x20,
    0x20, 0x20, 0x20, 0x7b, 0x0a, 0x20, 0x20, 0x20, 0x20, 0x20, 0x20, 0x20, 0x20, 0x72, 0x65, 0x74, 0x75, 0x72, 0x6e,
    0x20, 0x76, 0x65, 0x63, 0x33, 0x28, 0x30, 0x2e, 0x30, 0x29, 0x3b, 0x0a, 0x20, 0x20, 0x20, 0x20, 0x7d, 0x0a, 0x20,
    0x20, 0x20, 0x20, 0x66, 0x6c, 0x6f, 0x61, 0x74, 0x20, 0x5f, 0x32, 0x35, 0x39, 0x20, 0x3d, 0x20, 0x63, 0x6c, 0x61,
    0x6d, 0x70, 0x28, 0x31, 0x2e, 0x30, 0x20, 0x2d, 0x20, 0x28, 0x28, 0x61, 0x63, 0x6f, 0x73, 0x28, 0x63, 0x6c, 0x61,
    0x6d, 0x70, 0x28, 0x64, 0x6f, 0x74, 0x28, 0x64, 0x2c, 0x20, 0x6e, 0x6f, 0x72, 0x6d, 0x61, 0x6c, 0x69, 0x7a, 0x65,
    0x28, 0x28, 0x5f, 0x32, 0x31, 0x34, 0x20, 0x2b, 0x20, 0x76, 0x65, 0x63, 0x33, 0x28, 0x30, 0x2e, 0x32, 0x30, 0x30,
    0x30, 0x30, 0x30, 0x30, 0x30, 0x32, 0x39, 0x38, 0x30, 0x32, 0x33, 0x32, 0x32, 0x33, 0x38, 0x37, 0x36, 0x39, 0x35,
    0x33, 0x31, 0x32, 0x35, 0x29, 0x29, 0x20, 0x2b, 0x20, 0x28, 0x5f, 0x32, 0x31, 0x38, 0x20, 0x2a, 0x20, 0x30, 0x2e,
    0x36, 0x30, 0x30, 0x30, 0x30, 0x30, 0x30, 0x32, 0x33, 0x38, 0x34, 0x31, 0x38, 0x35, 0x37, 0x39, 0x31, 0x30, 0x31,
    0x35, 0x36, 0x32, 0x35, 0x29, 0x29, 0x29, 0x2c, 0x20, 0x2d, 0x31, 0x2e, 0x30, 0x2c, 0x20, 0x31, 0x2e, 0x30, 0x29,
    0x29, 0x20, 0x2f, 0x20, 0x73, 0x6b, 0x79, 0x5f, 0x66, 0x73, 0x5f, 0x70, 0x61, 0x72, 0x61, 0x6d, 0x73, 0x5b, 0x37,
    0x5d, 0x2e, 0x7a, 0x29, 0x20, 0x2f, 0x20, 0x73, 0x69, 0x7a, 0x65, 0x5f, 0x70, 0x78, 0x29, 0x2c, 0x20, 0x30, 0x2e,
    0x30, 0x2c, 0x20, 0x31, 0x2e, 0x30, 0x29, 0x3b, 0x0a, 0x20, 0x20, 0x20, 0x20, 0x76, 0x65, 0x63, 0x33, 0x20, 0x70,
    0x61, 0x72, 0x61, 0x6d, 0x5f, 0x31, 0x20, 0x3d, 0x20, 0x5f, 0x32, 0x31, 0x34, 0x20, 0x2b, 0x20, 0x76, 0x65, 0x63,
    0x33, 0x28, 0x37, 0x2e, 0x30, 0x29, 0x3b, 0x0a, 0x20, 0x20, 0x20, 0x20, 0x66, 0x6c, 0x6f, 0x61, 0x74, 0x20, 0x5f,
    0x32, 0x36, 0x36, 0x20, 0x3d, 0x20, 0x68, 0x61, 0x73, 0x68, 0x31, 0x33, 0x28, 0x70, 0x61, 0x72, 0x61, 0x6d, 0x5f,
    0x31, 0x29, 0x3b, 0x0a, 0x20, 0x20, 0x20, 0x20, 0x72, 0x65, 0x74, 0x75, 0x72, 0x6e, 0x20, 0x28, 0x28, 0x28, 0x6d,
    0x69, 0x78, 0x28, 0x76, 0x65, 0x63, 0x33, 0x28, 0x30, 0x2e, 0x37, 0x35, 0x2c, 0x20, 0x30, 0x2e, 0x38, 0x35, 0x30,
    0x30, 0x30, 0x30, 0x30, 0x32, 0x33, 0x38, 0x34, 0x31, 0x38, 0x35, 0x37, 0x39, 0x31, 0x30, 0x31, 0x35, 0x36, 0x32,
    0x35, 0x2c, 0x20, 0x31, 0x2e, 0x30, 0x29, 0x2c, 0x20, 0x76, 0x65, 0x63, 0x33, 0x28, 0x31, 0x2e, 0x30, 0x2c, 0x20,
    0x30, 0x2e, 0x38, 0x39, 0x39, 0x39, 0x39, 0x39, 0x39, 0x37, 0x36, 0x31, 0x35, 0x38, 0x31, 0x34, 0x32, 0x30, 0x38,
    0x39, 0x38, 0x34, 0x33, 0x37, 0x35, 0x2c, 0x20, 0x30, 0x2e, 0x37, 0x35, 0x29, 0x2c, 0x20, 0x76, 0x65, 0x63, 0x33,
    0x28, 0x5f, 0x32, 0x36, 0x36, 0x29, 0x29, 0x20, 0x2a, 0x20, 0x5f, 0x32, 0x35, 0x39, 0x29, 0x20, 0x2a, 0x20, 0x5f,
    0x32, 0x35, 0x39, 0x29, 0x20, 0x2a, 0x20, 0x73, 0x6b, 0x79, 0x5f, 0x66, 0x73, 0x5f, 0x70, 0x61, 0x72, 0x61, 0x6d,
    0x73, 0x5b, 0x37, 0x5d, 0x2e, 0x79, 0x29, 0x20, 0x2a, 0x20, 0x28, 0x30, 0x2e, 0x31, 0x35, 0x30, 0x30, 0x30, 0x30,
    0x30, 0x30, 0x35, 0x39, 0x36, 0x30, 0x34, 0x36, 0x34, 0x34, 0x37, 0x37, 0x35, 0x33, 0x39, 0x30, 0x36, 0x32, 0x35,
    0x20, 0x2b, 0x20, 0x28, 0x28, 0x28, 0x30, 0x2e, 0x38, 0x35, 0x30, 0x30, 0x30, 0x30, 0x30, 0x32, 0x33, 0x38, 0x34,
    0x31, 0x38, 0x35, 0x37, 0x39, 0x31, 0x30, 0x31, 0x35, 0x36, 0x32, 0x35, 0x20, 0x2a, 0x20, 0x5f, 0x32, 0x31, 0x38,
    0x2e, 0x79, 0x29, 0x20, 0x2a, 0x20, 0x5f, 0x32, 0x31, 0x38, 0x2e, 0x79, 0x29, 0x20, 0x2a, 0x20, 0x5f, 0x32, 0x31,
    0x38, 0x2e, 0x79, 0x29, 0x29, 0x3b, 0x0a, 0x7d, 0x0a, 0x0a, 0x66, 0x6c, 0x6f, 0x61, 0x74, 0x20, 0x5f, 0x6e, 0x6f,
    0x69, 0x73, 0x65, 0x28, 0x76, 0x65, 0x63, 0x33, 0x20, 0x70, 0x29, 0x0a, 0x7b, 0x0a, 0x20, 0x20, 0x20, 0x20, 0x76,
    0x65, 0x63, 0x33, 0x20, 0x5f, 0x38, 0x38, 0x20, 0x3d, 0x20, 0x66, 0x6c, 0x6f, 0x6f, 0x72, 0x28, 0x70, 0x29, 0x3b,
    0x0a, 0x20, 0x20, 0x20, 0x20, 0x76, 0x65, 0x63, 0x33, 0x20, 0x5f, 0x39, 0x31, 0x20, 0x3d, 0x20, 0x66, 0x72, 0x61,
    0x63, 0x74, 0x28, 0x70, 0x29, 0x3b, 0x0a, 0x20, 0x20, 0x20, 0x20, 0x76, 0x65, 0x63, 0x33, 0x20, 0x5f, 0x31, 0x30,
    0x31, 0x20, 0x3d, 0x20, 0x28, 0x5f, 0x39, 0x31, 0x20, 0x2a, 0x20, 0x5f, 0x39, 0x31, 0x29, 0x20, 0x2a, 0x20, 0x28,
    0x76, 0x65, 0x63, 0x33, 0x28, 0x33, 0x2e, 0x30, 0x29, 0x20, 0x2d, 0x20, 0x28, 0x5f, 0x39, 0x31, 0x20, 0x2a, 0x20,
    0x32, 0x2e, 0x30, 0x29, 0x29, 0x3b, 0x0a, 0x20, 0x20, 0x20, 0x20, 0x76, 0x65, 0x63, 0x33, 0x20, 0x70, 0x61, 0x72,
    0x61, 0x6d, 0x20, 0x3d, 0x20, 0x5f, 0x38, 0x38, 0x3b, 0x0a, 0x20, 0x20, 0x20, 0x20, 0x66, 0x6c, 0x6f, 0x61, 0x74,
    0x20, 0x5f, 0x31, 0x30, 0x35, 0x20, 0x3d, 0x20, 0x68, 0x61, 0x73, 0x68, 0x31, 0x33, 0x28, 0x70, 0x61, 0x72, 0x61,
    0x6d, 0x29, 0x3b, 0x0a, 0x20, 0x20, 0x20, 0x20, 0x76, 0x65, 0x63, 0x33, 0x20, 0x70, 0x61, 0x72, 0x61, 0x6d, 0x5f,
    0x31, 0x20, 0x3d, 0x20, 0x5f, 0x38, 0x38, 0x20, 0x2b, 0x20, 0x76, 0x65, 0x63, 0x33, 0x28, 0x31, 0x2e, 0x30, 0x2c,
    0x20, 0x30, 0x2e, 0x30, 0x2c, 0x20, 0x30, 0x2e, 0x30, 0x29, 0x3b, 0x0a, 0x20, 0x20, 0x20, 0x20, 0x66, 0x6c, 0x6f,
    0x61, 0x74, 0x20, 0x5f, 0x31, 0x31, 0x32, 0x20, 0x3d, 0x20, 0x68, 0x61, 0x73, 0x68, 0x31, 0x33, 0x28, 0x70, 0x61,
    0x72, 0x61, 0x6d, 0x5f, 0x31, 0x29, 0x3b, 0x0a, 0x20, 0x20, 0x20, 0x20, 0x66, 0x6c, 0x6f, 0x61, 0x74, 0x20, 0x5f,
    0x31, 0x31, 0x34, 0x20, 0x3d, 0x20, 0x5f, 0x31, 0x30, 0x31, 0x2e, 0x78, 0x3b, 0x0a, 0x20, 0x20, 0x20, 0x20, 0x76,
    0x65, 0x63, 0x33, 0x20, 0x70, 0x61, 0x72, 0x61, 0x6d, 0x5f, 0x32, 0x20, 0x3d, 0x20, 0x5f, 0x38, 0x38, 0x20, 0x2b,
    0x20, 0x76, 0x65, 0x63, 0x33, 0x28, 0x30, 0x2e, 0x30, 0x2c, 0x20, 0x31, 0x2e, 0x30, 0x2c, 0x20, 0x30, 0x2e, 0x30,
    0x29, 0x3b, 0x0a, 0x20, 0x20, 0x20, 0x20, 0x66, 0x6c, 0x6f, 0x61, 0x74, 0x20, 0x5f, 0x31, 0x32, 0x30, 0x20, 0x3d,
    0x20, 0x68, 0x61, 0x73, 0x68, 0x31, 0x33, 0x28, 0x70, 0x61, 0x72, 0x61, 0x6d, 0x5f, 0x32, 0x29, 0x3b, 0x0a, 0x20,
    0x20, 0x20, 0x20, 0x76, 0x65, 0x63, 0x33, 0x20, 0x70, 0x61, 0x72, 0x61, 0x6d, 0x5f, 0x33, 0x20, 0x3d, 0x20, 0x5f,
    0x38, 0x38, 0x20, 0x2b, 0x20, 0x76, 0x65, 0x63, 0x33, 0x28, 0x31, 0x2e, 0x30, 0x2c, 0x20, 0x31, 0x2e, 0x30, 0x2c,
    0x20, 0x30, 0x2e, 0x30, 0x29, 0x3b, 0x0a, 0x20, 0x20, 0x20, 0x20, 0x66, 0x6c, 0x6f, 0x61, 0x74, 0x20, 0x5f, 0x31,
    0x32, 0x35, 0x20, 0x3d, 0x20, 0x68, 0x61, 0x73, 0x68, 0x31, 0x33, 0x28, 0x70, 0x61, 0x72, 0x61, 0x6d, 0x5f, 0x33,
    0x29, 0x3b, 0x0a, 0x20, 0x20, 0x20, 0x20, 0x66, 0x6c, 0x6f, 0x61, 0x74, 0x20, 0x5f, 0x31, 0x33, 0x30, 0x20, 0x3d,
    0x20, 0x5f, 0x31, 0x30, 0x31, 0x2e, 0x79, 0x3b, 0x0a, 0x20, 0x20, 0x20, 0x20, 0x76, 0x65, 0x63, 0x33, 0x20, 0x70,
    0x61, 0x72, 0x61, 0x6d, 0x5f, 0x34, 0x20, 0x3d, 0x20, 0x5f, 0x38, 0x38, 0x20, 0x2b, 0x20, 0x76, 0x65, 0x63, 0x33,
    0x28, 0x30, 0x2e, 0x30, 0x2c, 0x20, 0x30, 0x2e, 0x30, 0x2c, 0x20, 0x31, 0x2e, 0x30, 0x29, 0x3b, 0x0a, 0x20, 0x20,
    0x20, 0x20, 0x66, 0x6c, 0x6f, 0x61, 0x74, 0x20, 0x5f, 0x31, 0x33, 0x37, 0x20, 0x3d, 0x20, 0x68, 0x61, 0x73, 0x68,
    0x31, 0x33, 0x28, 0x70, 0x61, 0x72, 0x61, 0x6d, 0x5f, 0x34, 0x29, 0x3b, 0x0a, 0x20, 0x20, 0x20, 0x20, 0x76, 0x65,
    0x63, 0x33, 0x20, 0x70, 0x61, 0x72, 0x61, 0x6d, 0x5f, 0x35, 0x20, 0x3d, 0x20, 0x5f, 0x38, 0x38, 0x20, 0x2b, 0x20,
    0x76, 0x65, 0x63, 0x33, 0x28, 0x31, 0x2e, 0x30, 0x2c, 0x20, 0x30, 0x2e, 0x30, 0x2c, 0x20, 0x31, 0x2e, 0x30, 0x29,
    0x3b, 0x0a, 0x20, 0x20, 0x20, 0x20, 0x66, 0x6c, 0x6f, 0x61, 0x74, 0x20, 0x5f, 0x31, 0x34, 0x32, 0x20, 0x3d, 0x20,
    0x68, 0x61, 0x73, 0x68, 0x31, 0x33, 0x28, 0x70, 0x61, 0x72, 0x61, 0x6d, 0x5f, 0x35, 0x29, 0x3b, 0x0a, 0x20, 0x20,
    0x20, 0x20, 0x76, 0x65, 0x63, 0x33, 0x20, 0x70, 0x61, 0x72, 0x61, 0x6d, 0x5f, 0x36, 0x20, 0x3d, 0x20, 0x5f, 0x38,
    0x38, 0x20, 0x2b, 0x20, 0x76, 0x65, 0x63, 0x33, 0x28, 0x30, 0x2e, 0x30, 0x2c, 0x20, 0x31, 0x2e, 0x30, 0x2c, 0x20,
    0x31, 0x2e, 0x30, 0x29, 0x3b, 0x0a, 0x20, 0x20, 0x20, 0x20, 0x66, 0x6c, 0x6f, 0x61, 0x74, 0x20, 0x5f, 0x31, 0x35,
    0x30, 0x20, 0x3d, 0x20, 0x68, 0x61, 0x73, 0x68, 0x31, 0x33, 0x28, 0x70, 0x61, 0x72, 0x61, 0x6d, 0x5f, 0x36, 0x29,
    0x3b, 0x0a, 0x20, 0x20, 0x20, 0x20, 0x76, 0x65, 0x63, 0x33, 0x20, 0x70, 0x61, 0x72, 0x61, 0x6d, 0x5f, 0x37, 0x20,
    0x3d, 0x20, 0x5f, 0x38, 0x38, 0x20, 0x2b, 0x20, 0x76, 0x65, 0x63, 0x33, 0x28, 0x31, 0x2e, 0x30, 0x29, 0x3b, 0x0a,
    0x20, 0x20, 0x20, 0x20, 0x66, 0x6c, 0x6f, 0x61, 0x74, 0x20, 0x5f, 0x31, 0x35, 0x35, 0x20, 0x3d, 0x20, 0x68, 0x61,
    0x73, 0x68, 0x31, 0x33, 0x28, 0x70, 0x61, 0x72, 0x61, 0x6d, 0x5f, 0x37, 0x29, 0x3b, 0x0a, 0x20, 0x20, 0x20, 0x20,
    0x72, 0x65, 0x74, 0x75, 0x72, 0x6e, 0x20, 0x6d, 0x69, 0x78, 0x28, 0x6d, 0x69, 0x78, 0x28, 0x6d, 0x69, 0x78, 0x28,
    0x5f, 0x31, 0x30, 0x35, 0x2c, 0x20, 0x5f, 0x31, 0x31, 0x32, 0x2c, 0x20, 0x5f, 0x31, 0x31, 0x34, 0x29, 0x2c, 0x20,
    0x6d, 0x69, 0x78, 0x28, 0x5f, 0x31, 0x32, 0x30, 0x2c, 0x20, 0x5f, 0x31, 0x32, 0x35, 0x2c, 0x20, 0x5f, 0x31, 0x31,
    0x34, 0x29, 0x2c, 0x20, 0x5f, 0x31, 0x33, 0x30, 0x29, 0x2c, 0x20, 0x6d, 0x69, 0x78, 0x28, 0x6d, 0x69, 0x78, 0x28,
    0x5f, 0x31, 0x33, 0x37, 0x2c, 0x20, 0x5f, 0x31, 0x34, 0x32, 0x2c, 0x20, 0x5f, 0x31, 0x31, 0x34, 0x29, 0x2c, 0x20,
    0x6d, 0x69, 0x78, 0x28, 0x5f, 0x31, 0x35, 0x30, 0x2c, 0x20, 0x5f, 0x31, 0x35, 0x35, 0x2c, 0x20, 0x5f, 0x31, 0x31,
    0x34, 0x29, 0x2c, 0x20, 0x5f, 0x31, 0x33, 0x30, 0x29, 0x2c, 0x20, 0x5f, 0x31, 0x30, 0x31, 0x2e, 0x7a, 0x29, 0x3b,
    0x0a, 0x7d, 0x0a, 0x0a, 0x66, 0x6c, 0x6f, 0x61, 0x74, 0x20, 0x66, 0x62, 0x6d, 0x28, 0x69, 0x6e, 0x6f, 0x75, 0x74,
    0x20, 0x76, 0x65, 0x63, 0x33, 0x20, 0x70, 0x29, 0x0a, 0x7b, 0x0a, 0x20, 0x20, 0x20, 0x20, 0x66, 0x6c, 0x6f, 0x61,
    0x74, 0x20, 0x73, 0x20, 0x3d, 0x20, 0x30, 0x2e, 0x30, 0x3b, 0x0a, 0x20, 0x20, 0x20, 0x20, 0x66, 0x6c, 0x6f, 0x61,
    0x74, 0x20, 0x61, 0x20, 0x3d, 0x20, 0x30, 0x2e, 0x35, 0x3b, 0x0a, 0x20, 0x20, 0x20, 0x20, 0x66, 0x6f, 0x72, 0x20,
    0x28, 0x69, 0x6e, 0x74, 0x20, 0x69, 0x20, 0x3d, 0x20, 0x30, 0x3b, 0x20, 0x69, 0x20, 0x3c, 0x20, 0x35, 0x3b, 0x20,
    0x69, 0x2b, 0x2b, 0x29, 0x0a, 0x20, 0x20, 0x20, 0x20, 0x7b, 0x0a, 0x20, 0x20, 0x20, 0x20, 0x20, 0x20, 0x20, 0x20,
    0x76, 0x65, 0x63, 0x33, 0x20, 0x70, 0x61, 0x72, 0x61, 0x6d, 0x20, 0x3d, 0x20, 0x70, 0x3b, 0x0a, 0x20, 0x20, 0x20,
    0x20, 0x20, 0x20, 0x20, 0x20, 0x73, 0x20, 0x2b, 0x3d, 0x20, 0x28, 0x61, 0x20, 0x2a, 0x20, 0x5f, 0x6e, 0x6f, 0x69,
    0x73, 0x65, 0x28, 0x70, 0x61, 0x72, 0x61, 0x6d, 0x29, 0x29, 0x3b, 0x0a, 0x20, 0x20, 0x20, 0x20, 0x20, 0x20, 0x20,
    0x20, 0x70, 0x20, 0x3d, 0x20, 0x28, 0x70, 0x20, 0x2a, 0x20, 0x32, 0x2e, 0x30, 0x32, 0x39, 0x39, 0x39, 0x39, 0x39,
    0x37, 0x31, 0x33, 0x38, 0x39, 0x37, 0x37, 0x30, 0x35, 0x30, 0x37, 0x38, 0x31, 0x32, 0x35, 0x29, 0x20, 0x2b, 0x20,
    0x76, 0x65, 0x63, 0x33, 0x28, 0x31, 0x2e, 0x37, 0x30, 0x30, 0x30, 0x30, 0x30, 0x30, 0x34, 0x37, 0x36, 0x38, 0x33,
    0x37, 0x31, 0x35, 0x38, 0x32, 0x30, 0x33, 0x31, 0x32, 0x35, 0x2c, 0x20, 0x39, 0x2e, 0x31, 0x39, 0x39, 0x39, 0x39,
    0x39, 0x38, 0x30, 0x39, 0x32, 0x36, 0x35, 0x31, 0x33, 0x36, 0x37, 0x31, 0x38, 0x37, 0x35, 0x2c, 0x20, 0x33, 0x2e,
    0x30, 0x39, 0x39, 0x39, 0x39, 0x39, 0x39, 0x30, 0x34, 0x36, 0x33, 0x32, 0x35, 0x36, 0x38, 0x33, 0x35, 0x39, 0x33,
    0x37, 0x35, 0x29, 0x3b, 0x0a, 0x20, 0x20, 0x20, 0x20, 0x20, 0x20, 0x20, 0x20, 0x61, 0x20, 0x2a, 0x3d, 0x20, 0x30,
    0x2e, 0x35, 0x3b, 0x0a, 0x20, 0x20, 0x20, 0x20, 0x7d, 0x0a, 0x20, 0x20, 0x20, 0x20, 0x72, 0x65, 0x74, 0x75, 0x72,
    0x6e, 0x20, 0x73, 0x3b, 0x0a, 0x7d, 0x0a, 0x0a, 0x76, 0x6f, 0x69, 0x64, 0x20, 0x6d, 0x61, 0x69, 0x6e, 0x28, 0x29,
    0x0a, 0x7b, 0x0a, 0x20, 0x20, 0x20, 0x20, 0x76, 0x65, 0x63, 0x33, 0x20, 0x5f, 0x33, 0x30, 0x32, 0x20, 0x3d, 0x20,
    0x6e, 0x6f, 0x72, 0x6d, 0x61, 0x6c, 0x69, 0x7a, 0x65, 0x28, 0x72, 0x61, 0x79, 0x29, 0x3b, 0x0a, 0x20, 0x20, 0x20,
    0x20, 0x76, 0x65, 0x63, 0x33, 0x20, 0x70, 0x61, 0x72, 0x61, 0x6d, 0x20, 0x3d, 0x20, 0x5f, 0x33, 0x30, 0x32, 0x3b,
    0x0a, 0x20, 0x20, 0x20, 0x20, 0x66, 0x6c, 0x6f, 0x61, 0x74, 0x20, 0x70, 0x61, 0x72, 0x61, 0x6d, 0x5f, 0x31, 0x20,
    0x3d, 0x20, 0x39, 0x30, 0x2e, 0x30, 0x3b, 0x0a, 0x20, 0x20, 0x20, 0x20, 0x66, 0x6c, 0x6f, 0x61, 0x74, 0x20, 0x70,
    0x61, 0x72, 0x61, 0x6d, 0x5f, 0x32, 0x20, 0x3d, 0x20, 0x31, 0x2e, 0x36, 0x30, 0x30, 0x30, 0x30, 0x30, 0x30, 0x32,
    0x33, 0x38, 0x34, 0x31, 0x38, 0x35, 0x37, 0x39, 0x31, 0x30, 0x31, 0x35, 0x36, 0x32, 0x35, 0x3b, 0x0a, 0x20, 0x20,
    0x20, 0x20, 0x76, 0x65, 0x63, 0x33, 0x20, 0x70, 0x61, 0x72, 0x61, 0x6d, 0x5f, 0x33, 0x20, 0x3d, 0x20, 0x5f, 0x33,
    0x30, 0x32, 0x3b, 0x0a, 0x20, 0x20, 0x20, 0x20, 0x66, 0x6c, 0x6f, 0x61, 0x74, 0x20, 0x70, 0x61, 0x72, 0x61, 0x6d,
    0x5f, 0x34, 0x20, 0x3d, 0x20, 0x31, 0x36, 0x30, 0x2e, 0x30, 0x3b, 0x0a, 0x20, 0x20, 0x20, 0x20, 0x66, 0x6c, 0x6f,
    0x61, 0x74, 0x20, 0x70, 0x61, 0x72, 0x61, 0x6d, 0x5f, 0x35, 0x20, 0x3d, 0x20, 0x31, 0x2e, 0x31, 0x30, 0x30, 0x30,
    0x30, 0x30, 0x30, 0x32, 0x33, 0x38, 0x34, 0x31, 0x38, 0x35, 0x37, 0x39, 0x31, 0x30, 0x31, 0x35, 0x36, 0x32, 0x35,
    0x3b, 0x0a, 0x20, 0x20, 0x20, 0x20, 0x76, 0x65, 0x63, 0x33, 0x20, 0x70, 0x61, 0x72, 0x61, 0x6d, 0x5f, 0x36, 0x20,
    0x3d, 0x20, 0x5f, 0x33, 0x30, 0x32, 0x3b, 0x0a, 0x20, 0x20, 0x20, 0x20, 0x66, 0x6c, 0x6f, 0x61, 0x74, 0x20, 0x70,
    0x61, 0x72, 0x61, 0x6d, 0x5f, 0x37, 0x20, 0x3d, 0x20, 0x33, 0x30, 0x30, 0x2e, 0x30, 0x3b, 0x0a, 0x20, 0x20, 0x20,
    0x20, 0x66, 0x6c, 0x6f, 0x61, 0x74, 0x20, 0x70, 0x61, 0x72, 0x61, 0x6d, 0x5f, 0x38, 0x20, 0x3d, 0x20, 0x30, 0x2e,
    0x38, 0x30, 0x30, 0x30, 0x30, 0x30, 0x30, 0x31, 0x31, 0x39, 0x32, 0x30, 0x39, 0x32, 0x38, 0x39, 0x35, 0x35, 0x30,
    0x37, 0x38, 0x31, 0x32, 0x35, 0x3b, 0x0a, 0x20, 0x20, 0x20, 0x20, 0x66, 0x6c, 0x6f, 0x61, 0x74, 0x20, 0x5f, 0x33,
    0x33, 0x33, 0x20, 0x3d, 0x20, 0x64, 0x6f, 0x74, 0x28, 0x5f, 0x33, 0x30, 0x32, 0x2c, 0x20, 0x73, 0x6b, 0x79, 0x5f,
    0x66, 0x73, 0x5f, 0x70, 0x61, 0x72, 0x61, 0x6d, 0x73, 0x5b, 0x30, 0x5d, 0x2e, 0x78, 0x79, 0x7a, 0x29, 0x3b, 0x0a,
    0x20, 0x20, 0x20, 0x20, 0x66, 0x6c, 0x6f, 0x61, 0x74, 0x20, 0x5f, 0x33, 0x35, 0x32, 0x20, 0x3d, 0x20, 0x6d, 0x61,
    0x78, 0x28, 0x5f, 0x33, 0x33, 0x33, 0x2c, 0x20, 0x30, 0x2e, 0x30, 0x29, 0x3b, 0x0a, 0x20, 0x20, 0x20, 0x20, 0x76,
    0x65, 0x63, 0x33, 0x20, 0x63, 0x20, 0x3d, 0x20, 0x28, 0x28, 0x73, 0x74, 0x61, 0x72, 0x5f, 0x67, 0x72, 0x69, 0x64,
    0x28, 0x70, 0x61, 0x72, 0x61, 0x6d, 0x2c, 0x20, 0x70, 0x61, 0x72, 0x61, 0x6d, 0x5f, 0x31, 0x2c, 0x20, 0x70, 0x61,
    0x72, 0x61, 0x6d, 0x5f, 0x32, 0x29, 0x20, 0x2b, 0x20, 0x73, 0x74, 0x61, 0x72, 0x5f, 0x67, 0x72, 0x69, 0x64, 0x28,
    0x70, 0x61, 0x72, 0x61, 0x6d, 0x5f, 0x33, 0x2c, 0x20, 0x70, 0x61, 0x72, 0x61, 0x6d, 0x5f, 0x34, 0x2c, 0x20, 0x70,
    0x61, 0x72, 0x61, 0x6d, 0x5f, 0x35, 0x29, 0x29, 0x20, 0x2b, 0x20, 0x73, 0x74, 0x61, 0x72, 0x5f, 0x67, 0x72, 0x69,
    0x64, 0x28, 0x70, 0x61, 0x72, 0x61, 0x6d, 0x5f, 0x36, 0x2c, 0x20, 0x70, 0x61, 0x72, 0x61, 0x6d, 0x5f, 0x37, 0x2c,
    0x20, 0x70, 0x61, 0x72, 0x61, 0x6d, 0x5f, 0x38, 0x29, 0x29, 0x20, 0x2b, 0x20, 0x28, 0x73, 0x6b, 0x79, 0x5f, 0x66,
    0x73, 0x5f, 0x70, 0x61, 0x72, 0x61, 0x6d, 0x73, 0x5b, 0x31, 0x5d, 0x2e, 0x78, 0x79, 0x7a, 0x20, 0x2a, 0x20, 0x28,
    0x28, 0x28, 0x73, 0x6d, 0x6f, 0x6f, 0x74, 0x68, 0x73, 0x74, 0x65, 0x70, 0x28, 0x73, 0x6b, 0x79, 0x5f, 0x66, 0x73,
    0x5f, 0x70, 0x61, 0x72, 0x61, 0x6d, 0x73, 0x5b, 0x30, 0x5d, 0x2e, 0x77, 0x20, 0x2d, 0x20, 0x31, 0x2e, 0x39, 0x39,
    0x39, 0x39, 0x39, 0x39, 0x39, 0x34, 0x39, 0x34, 0x37, 0x35, 0x37, 0x35, 0x30, 0x33, 0x32, 0x37, 0x31, 0x31, 0x30,
    0x32, 0x39, 0x30, 0x35, 0x32, 0x37, 0x33, 0x34, 0x33, 0x38, 0x65, 0x2d, 0x30, 0x35, 0x2c, 0x20, 0x73, 0x6b, 0x79,
    0x5f, 0x66, 0x73, 0x5f, 0x70, 0x61, 0x72, 0x61, 0x6d, 0x73, 0x5b, 0x30, 0x5d, 0x2e, 0x77, 0x20, 0x2b, 0x20, 0x31,
    0x2e, 0x39, 0x39, 0x39, 0x39, 0x39, 0x39, 0x39, 0x34, 0x39, 0x34, 0x37, 0x35, 0x37, 0x35, 0x30, 0x33, 0x32, 0x37,
    0x31, 0x31, 0x30, 0x32, 0x39, 0x30, 0x35, 0x32, 0x37, 0x33, 0x34, 0x33, 0x38, 0x65, 0x2d, 0x30, 0x35, 0x2c, 0x20,
    0x5f, 0x33, 0x33, 0x33, 0x29, 0x20, 0x2a, 0x20, 0x38, 0x2e, 0x30, 0x29, 0x20, 0x2b, 0x20, 0x28, 0x73, 0x6b, 0x79,
    0x5f, 0x66, 0x73, 0x5f, 0x70, 0x61, 0x72, 0x61, 0x6d, 0x73, 0x5b, 0x31, 0x5d, 0x2e, 0x77, 0x20, 0x2a, 0x20, 0x70,
    0x6f, 0x77, 0x28, 0x5f, 0x33, 0x35, 0x32, 0x2c, 0x20, 0x34, 0x30, 0x30, 0x2e, 0x30, 0x29, 0x29, 0x29, 0x20, 0x2b,
    0x20, 0x28, 0x28, 0x30, 0x2e, 0x30, 0x33, 0x39, 0x39, 0x39, 0x39, 0x39, 0x39, 0x39, 0x31, 0x30, 0x35, 0x39, 0x33,
    0x30, 0x33, 0x32, 0x38, 0x33, 0x36, 0x39, 0x31, 0x34, 0x30, 0x36, 0x32, 0x35, 0x20, 0x2a, 0x20, 0x73, 0x6b, 0x79,
    0x5f, 0x66, 0x73, 0x5f, 0x70, 0x61, 0x72, 0x61, 0x6d, 0x73, 0x5b, 0x31, 0x5d, 0x2e, 0x77, 0x29, 0x20, 0x2a, 0x20,
    0x70, 0x6f, 0x77, 0x28, 0x5f, 0x33, 0x35, 0x32, 0x2c, 0x20, 0x31, 0x32, 0x2e, 0x30, 0x29, 0x29, 0x29, 0x29, 0x3b,
    0x0a, 0x20, 0x20, 0x20, 0x20, 0x66, 0x6c, 0x6f, 0x61, 0x74, 0x20, 0x5f, 0x33, 0x38, 0x31, 0x20, 0x3d, 0x20, 0x64,
    0x6f, 0x74, 0x28, 0x5f, 0x33, 0x30, 0x32, 0x2c, 0x20, 0x73, 0x6b, 0x79, 0x5f, 0x66, 0x73, 0x5f, 0x70, 0x61, 0x72,
    0x61, 0x6d, 0x73, 0x5b, 0x32, 0x5d, 0x2e, 0x78, 0x79, 0x7a, 0x29, 0x3b, 0x0a, 0x20, 0x20, 0x20, 0x20, 0x66, 0x6c,
    0x6f, 0x61, 0x74, 0x20, 0x5f, 0x33, 0x38, 0x35, 0x20, 0x3d, 0x20, 0x5f, 0x33, 0x38, 0x31, 0x20, 0x2a, 0x20, 0x5f,
    0x33, 0x38, 0x31, 0x3b, 0x0a, 0x20, 0x20, 0x20, 0x20, 0x66, 0x6c, 0x6f, 0x61, 0x74, 0x20, 0x5f, 0x33, 0x39, 0x30,
    0x20, 0x3d, 0x20, 0x5f, 0x33, 0x38, 0x35, 0x20, 0x2d, 0x20, 0x28, 0x31, 0x2e, 0x30, 0x20, 0x2d, 0x20, 0x28, 0x73,
    0x6b, 0x79, 0x5f, 0x66, 0x73, 0x5f, 0x70, 0x61, 0x72, 0x61, 0x6d, 0x73, 0x5b, 0x32, 0x5d, 0x2e, 0x77, 0x20, 0x2a,
    0x20, 0x73, 0x6b, 0x79, 0x5f, 0x66, 0x73, 0x5f, 0x70, 0x61, 0x72, 0x61, 0x6d, 0x73, 0x5b, 0x32, 0x5d, 0x2e, 0x77,
    0x29, 0x29, 0x3b, 0x0a, 0x20, 0x20, 0x20, 0x20, 0x66, 0x6c, 0x6f, 0x61, 0x74, 0x20, 0x5f, 0x34, 0x30, 0x36, 0x20,
    0x3d, 0x20, 0x73, 0x71, 0x72, 0x74, 0x28, 0x6d, 0x61, 0x78, 0x28, 0x31, 0x2e, 0x30, 0x20, 0x2d, 0x20, 0x5f, 0x33,
    0x38, 0x35, 0x2c, 0x20, 0x30, 0x2e, 0x30, 0x29, 0x29, 0x20, 0x2f, 0x20, 0x73, 0x6b, 0x79, 0x5f, 0x66, 0x73, 0x5f,
    0x70, 0x61, 0x72, 0x61, 0x6d, 0x73, 0x5b, 0x32, 0x5d, 0x2e, 0x77, 0x3b, 0x0a, 0x20, 0x20, 0x20, 0x20, 0x62, 0x6f,
    0x6f, 0x6c, 0x20, 0x5f, 0x34, 0x31, 0x34, 0x20, 0x3d, 0x20, 0x5f, 0x33, 0x38, 0x31, 0x20, 0x3e, 0x20, 0x30, 0x2e,
    0x30, 0x3b, 0x0a, 0x20, 0x20, 0x20, 0x20, 0x69, 0x66, 0x20, 0x28, 0x28, 0x5f, 0x33, 0x39, 0x30, 0x20, 0x3e, 0x20,
    0x30, 0x2e, 0x30, 0x29, 0x20, 0x26, 0x26, 0x20, 0x5f, 0x34, 0x31, 0x34, 0x29, 0x0a, 0x20, 0x20, 0x20, 0x20, 0x7b,
    0x0a, 0x20, 0x20, 0x20, 0x20, 0x20, 0x20, 0x20, 0x20, 0x76, 0x65, 0x63, 0x33, 0x20, 0x5f, 0x34, 0x32, 0x39, 0x20,
    0x3d, 0x20, 0x6e, 0x6f, 0x72, 0x6d, 0x61, 0x6c, 0x69, 0x7a, 0x65, 0x28, 0x28, 0x5f, 0x33, 0x30, 0x32, 0x20, 0x2a,
    0x20, 0x28, 0x5f, 0x33, 0x38, 0x31, 0x20, 0x2d, 0x20, 0x73, 0x71, 0x72, 0x74, 0x28, 0x5f, 0x33, 0x39, 0x30, 0x29,
    0x29, 0x29, 0x20, 0x2d, 0x20, 0x73, 0x6b, 0x79, 0x5f, 0x66, 0x73, 0x5f, 0x70, 0x61, 0x72, 0x61, 0x6d, 0x73, 0x5b,
    0x32, 0x5d, 0x2e, 0x78, 0x79, 0x7a, 0x29, 0x3b, 0x0a, 0x20, 0x20, 0x20, 0x20, 0x20, 0x20, 0x20, 0x20, 0x66, 0x6c,
    0x6f, 0x61, 0x74, 0x20, 0x5f, 0x34, 0x33, 0x33, 0x20, 0x3d, 0x20, 0x64, 0x6f, 0x74, 0x28, 0x5f, 0x34, 0x32, 0x39,
    0x2c, 0x20, 0x73, 0x6b, 0x79, 0x5f, 0x66, 0x73, 0x5f, 0x70, 0x61, 0x72, 0x61, 0x6d, 0x73, 0x5b, 0x30, 0x5d, 0x2e,
    0x78, 0x79, 0x7a, 0x29, 0x3b, 0x0a, 0x20, 0x20, 0x20, 0x20, 0x20, 0x20, 0x20, 0x20, 0x66, 0x6c, 0x6f, 0x61, 0x74,
    0x20, 0x5f, 0x34, 0x34, 0x30, 0x20, 0x3d, 0x20, 0x28, 0x30, 0x2e, 0x35, 0x20, 0x2d, 0x20, 0x73, 0x6b, 0x79, 0x5f,
    0x66, 0x73, 0x5f, 0x70, 0x61, 0x72, 0x61, 0x6d, 0x73, 0x5b, 0x33, 0x5d, 0x2e, 0x77, 0x29, 0x20, 0x2a, 0x20, 0x30,
    0x2e, 0x33, 0x34, 0x39, 0x39, 0x39, 0x39, 0x39, 0x39, 0x34, 0x30, 0x33, 0x39, 0x35, 0x33, 0x35, 0x35, 0x32, 0x32,
    0x34, 0x36, 0x30, 0x39, 0x33, 0x37, 0x35, 0x3b, 0x0a, 0x20, 0x20, 0x20, 0x20, 0x20, 0x20, 0x20, 0x20, 0x76, 0x65,
    0x63, 0x33, 0x20, 0x70, 0x61, 0x72, 0x61, 0x6d, 0x5f, 0x39, 0x20, 0x3d, 0x20, 0x28, 0x5f, 0x34, 0x32, 0x39, 0x20,
    0x2a, 0x20, 0x33, 0x2e, 0x30, 0x29, 0x20, 0x2b, 0x20, 0x76, 0x65, 0x63, 0x33, 0x28, 0x34, 0x2e, 0x30, 0x29, 0x3b,
    0x0a, 0x20, 0x20, 0x20, 0x20, 0x20, 0x20, 0x20, 0x20, 0x66, 0x6c, 0x6f, 0x61, 0x74, 0x20, 0x5f, 0x34, 0x35, 0x34,
    0x20, 0x3d, 0x20, 0x66, 0x62, 0x6d, 0x28, 0x70, 0x61, 0x72, 0x61, 0x6d, 0x5f, 0x39, 0x29, 0x3b, 0x0a, 0x20, 0x20,
    0x20, 0x20, 0x20, 0x20, 0x20, 0x20, 0x76, 0x65, 0x63, 0x33, 0x20, 0x70, 0x61, 0x72, 0x61, 0x6d, 0x5f, 0x31, 0x30,
    0x20, 0x3d, 0x20, 0x5f, 0x34, 0x32, 0x39, 0x20, 0x2a, 0x20, 0x34, 0x2e, 0x30, 0x3b, 0x0a, 0x20, 0x20, 0x20, 0x20,
    0x20, 0x20, 0x20, 0x20, 0x66, 0x6c, 0x6f, 0x61, 0x74, 0x20, 0x5f, 0x34, 0x38, 0x32, 0x20, 0x3d, 0x20, 0x66, 0x62,
    0x6d, 0x28, 0x70, 0x61, 0x72, 0x61, 0x6d, 0x5f, 0x31, 0x30, 0x29, 0x3b, 0x0a, 0x20, 0x20, 0x20, 0x20, 0x20, 0x20,
    0x20, 0x20, 0x76, 0x65, 0x63, 0x33, 0x20, 0x70, 0x61, 0x72, 0x61, 0x6d, 0x5f, 0x31, 0x31, 0x20, 0x3d, 0x20, 0x76,
    0x65, 0x63, 0x33, 0x28, 0x5f, 0x34, 0x32, 0x39, 0x2e, 0x78, 0x20, 0x2a, 0x20, 0x32, 0x2e, 0x35, 0x2c, 0x20, 0x5f,
    0x34, 0x32, 0x39, 0x2e, 0x79, 0x20, 0x2a, 0x20, 0x37, 0x2e, 0x30, 0x2c, 0x20, 0x5f, 0x34, 0x32, 0x39, 0x2e, 0x7a,
    0x20, 0x2a, 0x20, 0x32, 0x2e, 0x35, 0x29, 0x20, 0x2b, 0x20, 0x76, 0x65, 0x63, 0x33, 0x28, 0x5f, 0x34, 0x38, 0x32,
    0x20, 0x2a, 0x20, 0x31, 0x2e, 0x35, 0x29, 0x3b, 0x0a, 0x20, 0x20, 0x20, 0x20, 0x20, 0x20, 0x20, 0x20, 0x66, 0x6c,
    0x6f, 0x61, 0x74, 0x20, 0x5f, 0x34, 0x38, 0x38, 0x20, 0x3d, 0x20, 0x66, 0x62, 0x6d, 0x28, 0x70, 0x61, 0x72, 0x61,
    0x6d, 0x5f, 0x31, 0x31, 0x29, 0x3b, 0x0a, 0x20, 0x20, 0x20, 0x20, 0x20, 0x20, 0x20, 0x20, 0x66, 0x6c, 0x6f, 0x61,
    0x74, 0x20, 0x5f, 0x34, 0x39, 0x33, 0x20, 0x3d, 0x20, 0x28, 0x30, 0x2e, 0x35, 0x20, 0x2d, 0x20, 0x73, 0x6b, 0x79,
    0x5f, 0x66, 0x73, 0x5f, 0x70, 0x61, 0x72, 0x61, 0x6d, 0x73, 0x5b, 0x34, 0x5d, 0x2e, 0x77, 0x29, 0x20, 0x2a, 0x20,
    0x30, 0x2e, 0x33, 0x34, 0x39, 0x39, 0x39, 0x39, 0x39, 0x39, 0x34, 0x30, 0x33, 0x39, 0x35, 0x33, 0x35, 0x35, 0x32,
    0x32, 0x34, 0x36, 0x30, 0x39, 0x33, 0x37, 0x35, 0x3b, 0x0a, 0x20, 0x20, 0x20, 0x20, 0x20, 0x20, 0x20, 0x20, 0x76,
    0x65, 0x63, 0x33, 0x20, 0x5f, 0x35, 0x31, 0x32, 0x20, 0x3d, 0x20, 0x6d, 0x69, 0x78, 0x28, 0x6d, 0x69, 0x78, 0x28,
    0x73, 0x6b, 0x79, 0x5f, 0x66, 0x73, 0x5f, 0x70, 0x61, 0x72, 0x61, 0x6d, 0x73, 0x5b, 0x33, 0x5d, 0x2e, 0x78, 0x79,
    0x7a, 0x2c, 0x20, 0x73, 0x6b, 0x79, 0x5f, 0x66, 0x73, 0x5f, 0x70, 0x61, 0x72, 0x61, 0x6d, 0x73, 0x5b, 0x34, 0x5d,
    0x2e, 0x78, 0x79, 0x7a, 0x2c, 0x20, 0x76, 0x65, 0x63, 0x33, 0x28, 0x73, 0x6d, 0x6f, 0x6f, 0x74, 0x68, 0x73, 0x74,
    0x65, 0x70, 0x28, 0x5f, 0x34, 0x34, 0x30, 0x20, 0x2b, 0x20, 0x30, 0x2e, 0x34, 0x38, 0x35, 0x30, 0x30, 0x30, 0x30,
    0x31, 0x34, 0x33, 0x30, 0x35, 0x31, 0x31, 0x34, 0x37, 0x34, 0x36, 0x30, 0x39, 0x33, 0x37, 0x35, 0x2c, 0x20, 0x5f,
    0x34, 0x34, 0x30, 0x20, 0x2b, 0x20, 0x30, 0x2e, 0x35, 0x31, 0x34, 0x39, 0x39, 0x39, 0x39, 0x38, 0x35, 0x36, 0x39,
    0x34, 0x38, 0x38, 0x35, 0x32, 0x35, 0x33, 0x39, 0x30, 0x36, 0x32, 0x35, 0x2c, 0x20, 0x5f, 0x34, 0x35, 0x34, 0x29,
    0x29, 0x29, 0x2c, 0x20, 0x73, 0x6b, 0x79, 0x5f, 0x66, 0x73, 0x5f, 0x70, 0x61, 0x72, 0x61, 0x6d, 0x73, 0x5b, 0x35,
    0x5d, 0x2e, 0x78, 0x79, 0x7a, 0x2c, 0x20, 0x76, 0x65, 0x63, 0x33, 0x28, 0x73, 0x6d, 0x6f, 0x6f, 0x74, 0x68, 0x73,
    0x74, 0x65, 0x70, 0x28, 0x5f, 0x34, 0x39, 0x33, 0x20, 0x2b, 0x20, 0x30, 0x2e, 0x34, 0x33, 0x39, 0x39, 0x39, 0x39,
    0x39, 0x39, 0x37, 0x36, 0x31, 0x35, 0x38, 0x31, 0x34, 0x32, 0x30, 0x38, 0x39, 0x38, 0x34, 0x33, 0x37, 0x35, 0x2c,
    0x20, 0x5f, 0x34, 0x39, 0x33, 0x20, 0x2b, 0x20, 0x30, 0x2e, 0x36, 0x30, 0x30, 0x30, 0x30, 0x30, 0x30, 0x32, 0x33,
    0x38, 0x34, 0x31, 0x38, 0x35, 0x37, 0x39, 0x31, 0x30, 0x31, 0x35, 0x36, 0x32, 0x35, 0x2c, 0x20, 0x5f, 0x34, 0x38,
    0x38, 0x20, 0x2a, 0x20, 0x30, 0x2e, 0x37, 0x35, 0x29, 0x29, 0x29, 0x3b, 0x0a, 0x20, 0x20, 0x20, 0x20, 0x20, 0x20,
    0x20, 0x20, 0x66, 0x6c, 0x6f, 0x61, 0x74, 0x20, 0x5f, 0x35, 0x31, 0x37, 0x20, 0x3d, 0x20, 0x73, 0x6d, 0x6f, 0x6f,
    0x74, 0x68, 0x73, 0x74, 0x65, 0x70, 0x28, 0x2d, 0x30, 0x2e, 0x30, 0x37, 0x39, 0x39, 0x39, 0x39, 0x39, 0x39, 0x38,
    0x32, 0x31, 0x31, 0x38, 0x36, 0x30, 0x36, 0x35, 0x36, 0x37, 0x33, 0x38, 0x32, 0x38, 0x31, 0x32, 0x35, 0x2c, 0x20,
    0x30, 0x2e, 0x32, 0x35, 0x2c, 0x20, 0x5f, 0x34, 0x33, 0x33, 0x29, 0x3b, 0x0a, 0x20, 0x20, 0x20, 0x20, 0x20, 0x20,
    0x20, 0x20, 0x63, 0x20, 0x3d, 0x20, 0x28, 0x28, 0x28, 0x28, 0x5f, 0x35, 0x31, 0x32, 0x20, 0x2a, 0x20, 0x73, 0x6b,
    0x79, 0x5f, 0x66, 0x73, 0x5f, 0x70, 0x61, 0x72, 0x61, 0x6d, 0x73, 0x5b, 0x31, 0x5d, 0x2e, 0x78, 0x79, 0x7a, 0x29,
    0x20, 0x2a, 0x20, 0x6d, 0x61, 0x78, 0x28, 0x5f, 0x34, 0x33, 0x33, 0x2c, 0x20, 0x30, 0x2e, 0x30, 0x29, 0x29, 0x20,
    0x2a, 0x20, 0x31, 0x2e, 0x31, 0x30, 0x30, 0x30, 0x30, 0x30, 0x30, 0x32, 0x33, 0x38, 0x34, 0x31, 0x38, 0x35, 0x37,
    0x39, 0x31, 0x30, 0x31, 0x35, 0x36, 0x32, 0x35, 0x29, 0x20, 0x2b, 0x20, 0x28, 0x28, 0x5f, 0x35, 0x31, 0x32, 0x20,
    0x2a, 0x20, 0x73, 0x6b, 0x79, 0x5f, 0x66, 0x73, 0x5f, 0x70, 0x61, 0x72, 0x61, 0x6d, 0x73, 0x5b, 0x35, 0x5d, 0x2e,
    0x77, 0x29, 0x20, 0x2a, 0x20, 0x28, 0x31, 0x2e, 0x30, 0x20, 0x2d, 0x20, 0x5f, 0x35, 0x31, 0x37, 0x29, 0x29, 0x29,
    0x20, 0x2b, 0x20, 0x28, 0x28, 0x28, 0x73, 0x6b, 0x79, 0x5f, 0x66, 0x73, 0x5f, 0x70, 0x61, 0x72, 0x61, 0x6d, 0x73,
    0x5b, 0x36, 0x5d, 0x2e, 0x78, 0x79, 0x7a, 0x20, 0x2a, 0x20, 0x70, 0x6f, 0x77, 0x28, 0x31, 0x2e, 0x30, 0x20, 0x2d,
    0x20, 0x6d, 0x61, 0x78, 0x28, 0x64, 0x6f, 0x74, 0x28, 0x5f, 0x34, 0x32, 0x39, 0x2c, 0x20, 0x2d, 0x5f, 0x33, 0x30,
    0x32, 0x29, 0x2c, 0x20, 0x30, 0x2e, 0x30, 0x29, 0x2c, 0x20, 0x33, 0x2e, 0x30, 0x29, 0x29, 0x20, 0x2a, 0x20, 0x5f,
    0x35, 0x31, 0x37, 0x29, 0x20, 0x2a, 0x20, 0x30, 0x2e, 0x38, 0x30, 0x30, 0x30, 0x30, 0x30, 0x30, 0x31, 0x31, 0x39,
    0x32, 0x30, 0x39, 0x32, 0x38, 0x39, 0x35, 0x35, 0x30, 0x37, 0x38, 0x31, 0x32, 0x35, 0x29, 0x3b, 0x0a, 0x20, 0x20,
    0x20, 0x20, 0x7d, 0x0a, 0x20, 0x20, 0x20, 0x20, 0x65, 0x6c, 0x73, 0x65, 0x0a, 0x20, 0x20, 0x20, 0x20, 0x7b, 0x0a,
    0x20, 0x20, 0x20, 0x20, 0x20, 0x20, 0x20, 0x20, 0x62, 0x6f, 0x6f, 0x6c, 0x20, 0x5f, 0x35, 0x36, 0x36, 0x3b, 0x0a,
    0x20, 0x20, 0x20, 0x20, 0x20, 0x20, 0x20, 0x20, 0x69, 0x66, 0x20, 0x28, 0x5f, 0x34, 0x31, 0x34, 0x29, 0x0a, 0x20,
    0x20, 0x20, 0x20, 0x20, 0x20, 0x20, 0x20, 0x7b, 0x0a, 0x20, 0x20, 0x20, 0x20, 0x20, 0x20, 0x20, 0x20, 0x20, 0x20,
    0x20, 0x20, 0x5f, 0x35, 0x36, 0x36, 0x20, 0x3d, 0x20, 0x5f, 0x34, 0x30, 0x36, 0x20, 0x3c, 0x20, 0x28, 0x31, 0x2e,
    0x30, 0x20, 0x2b, 0x20, 0x28, 0x73, 0x6b, 0x79, 0x5f, 0x66, 0x73, 0x5f, 0x70, 0x61, 0x72, 0x61, 0x6d, 0x73, 0x5b,
    0x36, 0x5d, 0x2e, 0x77, 0x20, 0x2a, 0x20, 0x33, 0x2e, 0x30, 0x29, 0x29, 0x3b, 0x0a, 0x20, 0x20, 0x20, 0x20, 0x20,
    0x20, 0x20, 0x20, 0x7d, 0x0a, 0x20, 0x20, 0x20, 0x20, 0x20, 0x20, 0x20, 0x20, 0x65, 0x6c, 0x73, 0x65, 0x0a, 0x20,
    0x20, 0x20, 0x20, 0x20, 0x20, 0x20, 0x20, 0x7b, 0x0a, 0x20, 0x20, 0x20, 0x20, 0x20, 0x20, 0x20, 0x20, 0x20, 0x20,
    0x20, 0x20, 0x5f, 0x35, 0x36, 0x36, 0x20, 0x3d, 0x20, 0x5f, 0x34, 0x31, 0x34, 0x3b, 0x0a, 0x20, 0x20, 0x20, 0x20,
    0x20, 0x20, 0x20, 0x20, 0x7d, 0x0a, 0x20, 0x20, 0x20, 0x20, 0x20, 0x20, 0x20, 0x20, 0x69, 0x66, 0x20, 0x28, 0x5f,
    0x35, 0x36, 0x36, 0x29, 0x0a, 0x20, 0x20, 0x20, 0x20, 0x20, 0x20, 0x20, 0x20, 0x7b, 0x0a, 0x20, 0x20, 0x20, 0x20,
    0x20, 0x20, 0x20, 0x20, 0x20, 0x20, 0x20, 0x20, 0x63, 0x20, 0x2b, 0x3d, 0x20, 0x28, 0x28, 0x28, 0x73, 0x6b, 0x79,
    0x5f, 0x66, 0x73, 0x5f, 0x70, 0x61, 0x72, 0x61, 0x6d, 0x73, 0x5b, 0x36, 0x5d, 0x2e, 0x78, 0x79, 0x7a, 0x20, 0x2a,
    0x20, 0x65, 0x78, 0x70, 0x28, 0x28, 0x31, 0x2e, 0x30, 0x20, 0x2d, 0x20, 0x5f, 0x34, 0x30, 0x36, 0x29, 0x20, 0x2f,
    0x20, 0x6d, 0x61, 0x78, 0x28, 0x73, 0x6b, 0x79, 0x5f, 0x66, 0x73, 0x5f, 0x70, 0x61, 0x72, 0x61, 0x6d, 0x73, 0x5b,
    0x36, 0x5d, 0x2e, 0x77, 0x2c, 0x20, 0x39, 0x2e, 0x39, 0x39, 0x39, 0x39, 0x39, 0x39, 0x37, 0x34, 0x37, 0x33, 0x37,
    0x38, 0x37, 0x35, 0x31, 0x36, 0x33, 0x35, 0x35, 0x35, 0x31, 0x34, 0x35, 0x32, 0x36, 0x33, 0x36, 0x37, 0x31, 0x38,
    0x38, 0x65, 0x2d, 0x30, 0x35, 0x29, 0x29, 0x29, 0x20, 0x2a, 0x20, 0x73, 0x6d, 0x6f, 0x6f, 0x74, 0x68, 0x73, 0x74,
    0x65, 0x70, 0x28, 0x2d, 0x30, 0x2e, 0x33, 0x30, 0x30, 0x30, 0x30, 0x30, 0x30, 0x31, 0x31, 0x39, 0x32, 0x30, 0x39,
    0x32, 0x38, 0x39, 0x35, 0x35, 0x30, 0x37, 0x38, 0x31, 0x32, 0x35, 0x2c, 0x20, 0x30, 0x2e, 0x33, 0x30, 0x30, 0x30,
    0x30, 0x30, 0x30, 0x31, 0x31, 0x39, 0x32, 0x30, 0x39, 0x32, 0x38, 0x39, 0x35, 0x35, 0x30, 0x37, 0x38, 0x31, 0x32,
    0x35, 0x2c, 0x20, 0x64, 0x6f, 0x74, 0x28, 0x6e, 0x6f, 0x72, 0x6d, 0x61, 0x6c, 0x69, 0x7a, 0x65, 0x28, 0x28, 0x5f,
    0x33, 0x30, 0x32, 0x20, 0x2a, 0x20, 0x5f, 0x33, 0x38, 0x31, 0x29, 0x20, 0x2d, 0x20, 0x73, 0x6b, 0x79, 0x5f, 0x66,
    0x73, 0x5f, 0x70, 0x61, 0x72, 0x61, 0x6d, 0x73, 0x5b, 0x32, 0x5d, 0x2e, 0x78, 0x79, 0x7a, 0x29, 0x2c, 0x20, 0x73,
    0x6b, 0x79, 0x5f, 0x66, 0x73, 0x5f, 0x70, 0x61, 0x72, 0x61, 0x6d, 0x73, 0x5b, 0x30, 0x5d, 0x2e, 0x78, 0x79, 0x7a,
    0x29, 0x29, 0x29, 0x20, 0x2a, 0x20, 0x30, 0x2e, 0x38, 0x39, 0x39, 0x39, 0x39, 0x39, 0x39, 0x37, 0x36, 0x31, 0x35,
    0x38, 0x31, 0x34, 0x32, 0x30, 0x38, 0x39, 0x38, 0x34, 0x33, 0x37, 0x35, 0x29, 0x3b, 0x0a, 0x20, 0x20, 0x20, 0x20,
    0x20, 0x20, 0x20, 0x20, 0x7d, 0x0a, 0x20, 0x20, 0x20, 0x20, 0x7d, 0x0a, 0x20, 0x20, 0x20, 0x20, 0x66, 0x72, 0x61,
    0x67, 0x5f, 0x63, 0x6f, 0x6c, 0x6f, 0x72, 0x20, 0x3d, 0x20, 0x76, 0x65, 0x63, 0x34, 0x28, 0x63, 0x2c, 0x20, 0x31,
    0x2e, 0x30, 0x29, 0x3b, 0x0a, 0x7d, 0x0a, 0x0a, 0x00,
];
/*
    #version 410

    uniform vec4 screen_vs_params[4];
    layout(location = 0) out vec2 uv;

    void main()
    {
        int _17;
        if (gl_VertexID < 3)
        {
            _17 = gl_VertexID;
        }
        else
        {
            int _24;
            if (gl_VertexID == 3)
            {
                _24 = 0;
            }
            else
            {
                _24 = gl_VertexID - 2;
            }
            _17 = _24;
        }
        float _46 = ((_17 == 1) || (_17 == 2)) ? 1.0 : (-1.0);
        float _49 = (_17 >= 2) ? 1.0 : (-1.0);
        uv = (vec2(_46, _49) * 0.5) + vec2(0.5);
        gl_Position = mat4(screen_vs_params[0], screen_vs_params[1], screen_vs_params[2], screen_vs_params[3]) * vec4(_46, _49, 0.0, 1.0);
    }

*/
pub const SCREEN_VS_SOURCE_GLSL410: [u8; 656] = [
    0x23, 0x76, 0x65, 0x72, 0x73, 0x69, 0x6f, 0x6e, 0x20, 0x34, 0x31, 0x30, 0x0a, 0x0a, 0x75, 0x6e, 0x69, 0x66, 0x6f,
    0x72, 0x6d, 0x20, 0x76, 0x65, 0x63, 0x34, 0x20, 0x73, 0x63, 0x72, 0x65, 0x65, 0x6e, 0x5f, 0x76, 0x73, 0x5f, 0x70,
    0x61, 0x72, 0x61, 0x6d, 0x73, 0x5b, 0x34, 0x5d, 0x3b, 0x0a, 0x6c, 0x61, 0x79, 0x6f, 0x75, 0x74, 0x28, 0x6c, 0x6f,
    0x63, 0x61, 0x74, 0x69, 0x6f, 0x6e, 0x20, 0x3d, 0x20, 0x30, 0x29, 0x20, 0x6f, 0x75, 0x74, 0x20, 0x76, 0x65, 0x63,
    0x32, 0x20, 0x75, 0x76, 0x3b, 0x0a, 0x0a, 0x76, 0x6f, 0x69, 0x64, 0x20, 0x6d, 0x61, 0x69, 0x6e, 0x28, 0x29, 0x0a,
    0x7b, 0x0a, 0x20, 0x20, 0x20, 0x20, 0x69, 0x6e, 0x74, 0x20, 0x5f, 0x31, 0x37, 0x3b, 0x0a, 0x20, 0x20, 0x20, 0x20,
    0x69, 0x66, 0x20, 0x28, 0x67, 0x6c, 0x5f, 0x56, 0x65, 0x72, 0x74, 0x65, 0x78, 0x49, 0x44, 0x20, 0x3c, 0x20, 0x33,
    0x29, 0x0a, 0x20, 0x20, 0x20, 0x20, 0x7b, 0x0a, 0x20, 0x20, 0x20, 0x20, 0x20, 0x20, 0x20, 0x20, 0x5f, 0x31, 0x37,
    0x20, 0x3d, 0x20, 0x67, 0x6c, 0x5f, 0x56, 0x65, 0x72, 0x74, 0x65, 0x78, 0x49, 0x44, 0x3b, 0x0a, 0x20, 0x20, 0x20,
    0x20, 0x7d, 0x0a, 0x20, 0x20, 0x20, 0x20, 0x65, 0x6c, 0x73, 0x65, 0x0a, 0x20, 0x20, 0x20, 0x20, 0x7b, 0x0a, 0x20,
    0x20, 0x20, 0x20, 0x20, 0x20, 0x20, 0x20, 0x69, 0x6e, 0x74, 0x20, 0x5f, 0x32, 0x34, 0x3b, 0x0a, 0x20, 0x20, 0x20,
    0x20, 0x20, 0x20, 0x20, 0x20, 0x69, 0x66, 0x20, 0x28, 0x67, 0x6c, 0x5f, 0x56, 0x65, 0x72, 0x74, 0x65, 0x78, 0x49,
    0x44, 0x20, 0x3d, 0x3d, 0x20, 0x33, 0x29, 0x0a, 0x20, 0x20, 0x20, 0x20, 0x20, 0x20, 0x20, 0x20, 0x7b, 0x0a, 0x20,
    0x20, 0x20, 0x20, 0x20, 0x20, 0x20, 0x20, 0x20, 0x20, 0x20, 0x20, 0x5f, 0x32, 0x34, 0x20, 0x3d, 0x20, 0x30, 0x3b,
    0x0a, 0x20, 0x20, 0x20, 0x20, 0x20, 0x20, 0x20, 0x20, 0x7d, 0x0a, 0x20, 0x20, 0x20, 0x20, 0x20, 0x20, 0x20, 0x20,
    0x65, 0x6c, 0x73, 0x65, 0x0a, 0x20, 0x20, 0x20, 0x20, 0x20, 0x20, 0x20, 0x20, 0x7b, 0x0a, 0x20, 0x20, 0x20, 0x20,
    0x20, 0x20, 0x20, 0x20, 0x20, 0x20, 0x20, 0x20, 0x5f, 0x32, 0x34, 0x20, 0x3d, 0x20, 0x67, 0x6c, 0x5f, 0x56, 0x65,
    0x72, 0x74, 0x65, 0x78, 0x49, 0x44, 0x20, 0x2d, 0x20, 0x32, 0x3b, 0x0a, 0x20, 0x20, 0x20, 0x20, 0x20, 0x20, 0x20,
    0x20, 0x7d, 0x0a, 0x20, 0x20, 0x20, 0x20, 0x20, 0x20, 0x20, 0x20, 0x5f, 0x31, 0x37, 0x20, 0x3d, 0x20, 0x5f, 0x32,
    0x34, 0x3b, 0x0a, 0x20, 0x20, 0x20, 0x20, 0x7d, 0x0a, 0x20, 0x20, 0x20, 0x20, 0x66, 0x6c, 0x6f, 0x61, 0x74, 0x20,
    0x5f, 0x34, 0x36, 0x20, 0x3d, 0x20, 0x28, 0x28, 0x5f, 0x31, 0x37, 0x20, 0x3d, 0x3d, 0x20, 0x31, 0x29, 0x20, 0x7c,
    0x7c, 0x20, 0x28, 0x5f, 0x31, 0x37, 0x20, 0x3d, 0x3d, 0x20, 0x32, 0x29, 0x29, 0x20, 0x3f, 0x20, 0x31, 0x2e, 0x30,
    0x20, 0x3a, 0x20, 0x28, 0x2d, 0x31, 0x2e, 0x30, 0x29, 0x3b, 0x0a, 0x20, 0x20, 0x20, 0x20, 0x66, 0x6c, 0x6f, 0x61,
    0x74, 0x20, 0x5f, 0x34, 0x39, 0x20, 0x3d, 0x20, 0x28, 0x5f, 0x31, 0x37, 0x20, 0x3e, 0x3d, 0x20, 0x32, 0x29, 0x20,
    0x3f, 0x20, 0x31, 0x2e, 0x30, 0x20, 0x3a, 0x20, 0x28, 0x2d, 0x31, 0x2e, 0x30, 0x29, 0x3b, 0x0a, 0x20, 0x20, 0x20,
    0x20, 0x75, 0x76, 0x20, 0x3d, 0x20, 0x28, 0x76, 0x65, 0x63, 0x32, 0x28, 0x5f, 0x34, 0x36, 0x2c, 0x20, 0x5f, 0x34,
    0x39, 0x29, 0x20, 0x2a, 0x20, 0x30, 0x2e, 0x35, 0x29, 0x20, 0x2b, 0x20, 0x76, 0x65, 0x63, 0x32, 0x28, 0x30, 0x2e,
    0x35, 0x29, 0x3b, 0x0a, 0x20, 0x20, 0x20, 0x20, 0x67, 0x6c, 0x5f, 0x50, 0x6f, 0x73, 0x69, 0x74, 0x69, 0x6f, 0x6e,
    0x20, 0x3d, 0x20, 0x6d, 0x61, 0x74, 0x34, 0x28, 0x73, 0x63, 0x72, 0x65, 0x65, 0x6e, 0x5f, 0x76, 0x73, 0x5f, 0x70,
    0x61, 0x72, 0x61, 0x6d, 0x73, 0x5b, 0x30, 0x5d, 0x2c, 0x20, 0x73, 0x63, 0x72, 0x65, 0x65, 0x6e, 0x5f, 0x76, 0x73,
    0x5f, 0x70, 0x61, 0x72, 0x61, 0x6d, 0x73, 0x5b, 0x31, 0x5d, 0x2c, 0x20, 0x73, 0x63, 0x72, 0x65, 0x65, 0x6e, 0x5f,
    0x76, 0x73, 0x5f, 0x70, 0x61, 0x72, 0x61, 0x6d, 0x73, 0x5b, 0x32, 0x5d, 0x2c, 0x20, 0x73, 0x63, 0x72, 0x65, 0x65,
    0x6e, 0x5f, 0x76, 0x73, 0x5f, 0x70, 0x61, 0x72, 0x61, 0x6d, 0x73, 0x5b, 0x33, 0x5d, 0x29, 0x20, 0x2a, 0x20, 0x76,
    0x65, 0x63, 0x34, 0x28, 0x5f, 0x34, 0x36, 0x2c, 0x20, 0x5f, 0x34, 0x39, 0x2c, 0x20, 0x30, 0x2e, 0x30, 0x2c, 0x20,
    0x31, 0x2e, 0x30, 0x29, 0x3b, 0x0a, 0x7d, 0x0a, 0x0a, 0x00,
];
/*
    #version 410

    uniform vec4 screen_fs_params[1];
    uniform sampler2D tex_smp;

    layout(location = 0) in vec2 uv;
    layout(location = 0) out vec4 frag_color;

    void main()
    {
        vec2 _61 = min(uv, vec2(1.0) - uv);
        frag_color = vec4(((texture(tex_smp, uv).xyz * (1.0 - (screen_fs_params[0].x * (0.5 + (0.5 * sin((uv.y * screen_fs_params[0].y) * 3.1415927410125732421875)))))) * (0.60000002384185791015625 + (0.4000000059604644775390625 * smoothstep(0.0, 0.02999999932944774627685546875, min(_61.x, _61.y * 2.0))))) * screen_fs_params[0].z, 1.0);
    }

*/
pub const SCREEN_FS_SOURCE_GLSL410: [u8; 545] = [
    0x23, 0x76, 0x65, 0x72, 0x73, 0x69, 0x6f, 0x6e, 0x20, 0x34, 0x31, 0x30, 0x0a, 0x0a, 0x75, 0x6e, 0x69, 0x66, 0x6f,
    0x72, 0x6d, 0x20, 0x76, 0x65, 0x63, 0x34, 0x20, 0x73, 0x63, 0x72, 0x65, 0x65, 0x6e, 0x5f, 0x66, 0x73, 0x5f, 0x70,
    0x61, 0x72, 0x61, 0x6d, 0x73, 0x5b, 0x31, 0x5d, 0x3b, 0x0a, 0x75, 0x6e, 0x69, 0x66, 0x6f, 0x72, 0x6d, 0x20, 0x73,
    0x61, 0x6d, 0x70, 0x6c, 0x65, 0x72, 0x32, 0x44, 0x20, 0x74, 0x65, 0x78, 0x5f, 0x73, 0x6d, 0x70, 0x3b, 0x0a, 0x0a,
    0x6c, 0x61, 0x79, 0x6f, 0x75, 0x74, 0x28, 0x6c, 0x6f, 0x63, 0x61, 0x74, 0x69, 0x6f, 0x6e, 0x20, 0x3d, 0x20, 0x30,
    0x29, 0x20, 0x69, 0x6e, 0x20, 0x76, 0x65, 0x63, 0x32, 0x20, 0x75, 0x76, 0x3b, 0x0a, 0x6c, 0x61, 0x79, 0x6f, 0x75,
    0x74, 0x28, 0x6c, 0x6f, 0x63, 0x61, 0x74, 0x69, 0x6f, 0x6e, 0x20, 0x3d, 0x20, 0x30, 0x29, 0x20, 0x6f, 0x75, 0x74,
    0x20, 0x76, 0x65, 0x63, 0x34, 0x20, 0x66, 0x72, 0x61, 0x67, 0x5f, 0x63, 0x6f, 0x6c, 0x6f, 0x72, 0x3b, 0x0a, 0x0a,
    0x76, 0x6f, 0x69, 0x64, 0x20, 0x6d, 0x61, 0x69, 0x6e, 0x28, 0x29, 0x0a, 0x7b, 0x0a, 0x20, 0x20, 0x20, 0x20, 0x76,
    0x65, 0x63, 0x32, 0x20, 0x5f, 0x36, 0x31, 0x20, 0x3d, 0x20, 0x6d, 0x69, 0x6e, 0x28, 0x75, 0x76, 0x2c, 0x20, 0x76,
    0x65, 0x63, 0x32, 0x28, 0x31, 0x2e, 0x30, 0x29, 0x20, 0x2d, 0x20, 0x75, 0x76, 0x29, 0x3b, 0x0a, 0x20, 0x20, 0x20,
    0x20, 0x66, 0x72, 0x61, 0x67, 0x5f, 0x63, 0x6f, 0x6c, 0x6f, 0x72, 0x20, 0x3d, 0x20, 0x76, 0x65, 0x63, 0x34, 0x28,
    0x28, 0x28, 0x74, 0x65, 0x78, 0x74, 0x75, 0x72, 0x65, 0x28, 0x74, 0x65, 0x78, 0x5f, 0x73, 0x6d, 0x70, 0x2c, 0x20,
    0x75, 0x76, 0x29, 0x2e, 0x78, 0x79, 0x7a, 0x20, 0x2a, 0x20, 0x28, 0x31, 0x2e, 0x30, 0x20, 0x2d, 0x20, 0x28, 0x73,
    0x63, 0x72, 0x65, 0x65, 0x6e, 0x5f, 0x66, 0x73, 0x5f, 0x70, 0x61, 0x72, 0x61, 0x6d, 0x73, 0x5b, 0x30, 0x5d, 0x2e,
    0x78, 0x20, 0x2a, 0x20, 0x28, 0x30, 0x2e, 0x35, 0x20, 0x2b, 0x20, 0x28, 0x30, 0x2e, 0x35, 0x20, 0x2a, 0x20, 0x73,
    0x69, 0x6e, 0x28, 0x28, 0x75, 0x76, 0x2e, 0x79, 0x20, 0x2a, 0x20, 0x73, 0x63, 0x72, 0x65, 0x65, 0x6e, 0x5f, 0x66,
    0x73, 0x5f, 0x70, 0x61, 0x72, 0x61, 0x6d, 0x73, 0x5b, 0x30, 0x5d, 0x2e, 0x79, 0x29, 0x20, 0x2a, 0x20, 0x33, 0x2e,
    0x31, 0x34, 0x31, 0x35, 0x39, 0x32, 0x37, 0x34, 0x31, 0x30, 0x31, 0x32, 0x35, 0x37, 0x33, 0x32, 0x34, 0x32, 0x31,
    0x38, 0x37, 0x35, 0x29, 0x29, 0x29, 0x29, 0x29, 0x29, 0x20, 0x2a, 0x20, 0x28, 0x30, 0x2e, 0x36, 0x30, 0x30, 0x30,
    0x30, 0x30, 0x30, 0x32, 0x33, 0x38, 0x34, 0x31, 0x38, 0x35, 0x37, 0x39, 0x31, 0x30, 0x31, 0x35, 0x36, 0x32, 0x35,
    0x20, 0x2b, 0x20, 0x28, 0x30, 0x2e, 0x34, 0x30, 0x30, 0x30, 0x30, 0x30, 0x30, 0x30, 0x35, 0x39, 0x36, 0x30, 0x34,
    0x36, 0x34, 0x34, 0x37, 0x37, 0x35, 0x33, 0x39, 0x30, 0x36, 0x32, 0x35, 0x20, 0x2a, 0x20, 0x73, 0x6d, 0x6f, 0x6f,
    0x74, 0x68, 0x73, 0x74, 0x65, 0x70, 0x28, 0x30, 0x2e, 0x30, 0x2c, 0x20, 0x30, 0x2e, 0x30, 0x32, 0x39, 0x39, 0x39,
    0x39, 0x39, 0x39, 0x39, 0x33, 0x32, 0x39, 0x34, 0x34, 0x37, 0x37, 0x34, 0x36, 0x32, 0x37, 0x36, 0x38, 0x35, 0x35,
    0x34, 0x36, 0x38, 0x37, 0x35, 0x2c, 0x20, 0x6d, 0x69, 0x6e, 0x28, 0x5f, 0x36, 0x31, 0x2e, 0x78, 0x2c, 0x20, 0x5f,
    0x36, 0x31, 0x2e, 0x79, 0x20, 0x2a, 0x20, 0x32, 0x2e, 0x30, 0x29, 0x29, 0x29, 0x29, 0x29, 0x20, 0x2a, 0x20, 0x73,
    0x63, 0x72, 0x65, 0x65, 0x6e, 0x5f, 0x66, 0x73, 0x5f, 0x70, 0x61, 0x72, 0x61, 0x6d, 0x73, 0x5b, 0x30, 0x5d, 0x2e,
    0x7a, 0x2c, 0x20, 0x31, 0x2e, 0x30, 0x29, 0x3b, 0x0a, 0x7d, 0x0a, 0x0a, 0x00,
];
/*
    #version 300 es

    uniform vec4 sky_vs_params[4];
    out vec3 ray;

    void main()
    {
        vec4 _42 = vec4((vec2(float((gl_VertexID << 1) & 2), float(gl_VertexID & 2)) * 2.0) - vec2(1.0), 1.0, 1.0);
        vec4 _43 = mat4(sky_vs_params[0], sky_vs_params[1], sky_vs_params[2], sky_vs_params[3]) * _42;
        ray = _43.xyz / vec3(_43.w);
        gl_Position = _42;
    }

*/
pub const SKY_VS_SOURCE_GLSL300ES: [u8; 348] = [
    0x23, 0x76, 0x65, 0x72, 0x73, 0x69, 0x6f, 0x6e, 0x20, 0x33, 0x30, 0x30, 0x20, 0x65, 0x73, 0x0a, 0x0a, 0x75, 0x6e,
    0x69, 0x66, 0x6f, 0x72, 0x6d, 0x20, 0x76, 0x65, 0x63, 0x34, 0x20, 0x73, 0x6b, 0x79, 0x5f, 0x76, 0x73, 0x5f, 0x70,
    0x61, 0x72, 0x61, 0x6d, 0x73, 0x5b, 0x34, 0x5d, 0x3b, 0x0a, 0x6f, 0x75, 0x74, 0x20, 0x76, 0x65, 0x63, 0x33, 0x20,
    0x72, 0x61, 0x79, 0x3b, 0x0a, 0x0a, 0x76, 0x6f, 0x69, 0x64, 0x20, 0x6d, 0x61, 0x69, 0x6e, 0x28, 0x29, 0x0a, 0x7b,
    0x0a, 0x20, 0x20, 0x20, 0x20, 0x76, 0x65, 0x63, 0x34, 0x20, 0x5f, 0x34, 0x32, 0x20, 0x3d, 0x20, 0x76, 0x65, 0x63,
    0x34, 0x28, 0x28, 0x76, 0x65, 0x63, 0x32, 0x28, 0x66, 0x6c, 0x6f, 0x61, 0x74, 0x28, 0x28, 0x67, 0x6c, 0x5f, 0x56,
    0x65, 0x72, 0x74, 0x65, 0x78, 0x49, 0x44, 0x20, 0x3c, 0x3c, 0x20, 0x31, 0x29, 0x20, 0x26, 0x20, 0x32, 0x29, 0x2c,
    0x20, 0x66, 0x6c, 0x6f, 0x61, 0x74, 0x28, 0x67, 0x6c, 0x5f, 0x56, 0x65, 0x72, 0x74, 0x65, 0x78, 0x49, 0x44, 0x20,
    0x26, 0x20, 0x32, 0x29, 0x29, 0x20, 0x2a, 0x20, 0x32, 0x2e, 0x30, 0x29, 0x20, 0x2d, 0x20, 0x76, 0x65, 0x63, 0x32,
    0x28, 0x31, 0x2e, 0x30, 0x29, 0x2c, 0x20, 0x31, 0x2e, 0x30, 0x2c, 0x20, 0x31, 0x2e, 0x30, 0x29, 0x3b, 0x0a, 0x20,
    0x20, 0x20, 0x20, 0x76, 0x65, 0x63, 0x34, 0x20, 0x5f, 0x34, 0x33, 0x20, 0x3d, 0x20, 0x6d, 0x61, 0x74, 0x34, 0x28,
    0x73, 0x6b, 0x79, 0x5f, 0x76, 0x73, 0x5f, 0x70, 0x61, 0x72, 0x61, 0x6d, 0x73, 0x5b, 0x30, 0x5d, 0x2c, 0x20, 0x73,
    0x6b, 0x79, 0x5f, 0x76, 0x73, 0x5f, 0x70, 0x61, 0x72, 0x61, 0x6d, 0x73, 0x5b, 0x31, 0x5d, 0x2c, 0x20, 0x73, 0x6b,
    0x79, 0x5f, 0x76, 0x73, 0x5f, 0x70, 0x61, 0x72, 0x61, 0x6d, 0x73, 0x5b, 0x32, 0x5d, 0x2c, 0x20, 0x73, 0x6b, 0x79,
    0x5f, 0x76, 0x73, 0x5f, 0x70, 0x61, 0x72, 0x61, 0x6d, 0x73, 0x5b, 0x33, 0x5d, 0x29, 0x20, 0x2a, 0x20, 0x5f, 0x34,
    0x32, 0x3b, 0x0a, 0x20, 0x20, 0x20, 0x20, 0x72, 0x61, 0x79, 0x20, 0x3d, 0x20, 0x5f, 0x34, 0x33, 0x2e, 0x78, 0x79,
    0x7a, 0x20, 0x2f, 0x20, 0x76, 0x65, 0x63, 0x33, 0x28, 0x5f, 0x34, 0x33, 0x2e, 0x77, 0x29, 0x3b, 0x0a, 0x20, 0x20,
    0x20, 0x20, 0x67, 0x6c, 0x5f, 0x50, 0x6f, 0x73, 0x69, 0x74, 0x69, 0x6f, 0x6e, 0x20, 0x3d, 0x20, 0x5f, 0x34, 0x32,
    0x3b, 0x0a, 0x7d, 0x0a, 0x0a, 0x00,
];
/*
    #version 300 es
    precision mediump float;
    precision highp int;

    uniform highp vec4 sky_fs_params[8];
    in highp vec3 ray;
    layout(location = 0) out highp vec4 frag_color;

    highp vec3 hash33(inout highp vec3 p)
    {
        p = fract(p * vec3(0.103100001811981201171875, 0.10300000011920928955078125, 0.097300000488758087158203125));
        p += vec3(dot(p, p.yxz + vec3(33.3300018310546875)));
        return fract((p.xxy + p.yxx) * p.zyx);
    }

    highp float hash13(inout highp vec3 p)
    {
        p = fract(p * 0.103100001811981201171875);
        p += vec3(dot(p, p.zyx + vec3(31.31999969482421875)));
        return fract((p.x + p.y) * p.z);
    }

    highp vec3 star_grid(highp vec3 d, highp float scale, highp float size_px)
    {
        highp vec3 _214 = floor(d * scale);
        highp vec3 param = _214;
        highp vec3 _218 = hash33(param);
        if (_218.z > sky_fs_params[7].x)
        {
            return vec3(0.0);
        }
        highp float _259 = clamp(1.0 - ((acos(clamp(dot(d, normalize((_214 + vec3(0.20000000298023223876953125)) + (_218 * 0.60000002384185791015625))), -1.0, 1.0)) / sky_fs_params[7].z) / size_px), 0.0, 1.0);
        highp vec3 param_1 = _214 + vec3(7.0);
        highp float _266 = hash13(param_1);
        return (((mix(vec3(0.75, 0.85000002384185791015625, 1.0), vec3(1.0, 0.89999997615814208984375, 0.75), vec3(_266)) * _259) * _259) * sky_fs_params[7].y) * (0.1500000059604644775390625 + (((0.85000002384185791015625 * _218.y) * _218.y) * _218.y));
    }

    highp float _noise(highp vec3 p)
    {
        highp vec3 _88 = floor(p);
        highp vec3 _91 = fract(p);
        highp vec3 _101 = (_91 * _91) * (vec3(3.0) - (_91 * 2.0));
        highp vec3 param = _88;
        highp float _105 = hash13(param);
        highp vec3 param_1 = _88 + vec3(1.0, 0.0, 0.0);
        highp float _112 = hash13(param_1);
        highp float _114 = _101.x;
        highp vec3 param_2 = _88 + vec3(0.0, 1.0, 0.0);
        highp float _120 = hash13(param_2);
        highp vec3 param_3 = _88 + vec3(1.0, 1.0, 0.0);
        highp float _125 = hash13(param_3);
        highp float _130 = _101.y;
        highp vec3 param_4 = _88 + vec3(0.0, 0.0, 1.0);
        highp float _137 = hash13(param_4);
        highp vec3 param_5 = _88 + vec3(1.0, 0.0, 1.0);
        highp float _142 = hash13(param_5);
        highp vec3 param_6 = _88 + vec3(0.0, 1.0, 1.0);
        highp float _150 = hash13(param_6);
        highp vec3 param_7 = _88 + vec3(1.0);
        highp float _155 = hash13(param_7);
        return mix(mix(mix(_105, _112, _114), mix(_120, _125, _114), _130), mix(mix(_137, _142, _114), mix(_150, _155, _114), _130), _101.z);
    }

    highp float fbm(inout highp vec3 p)
    {
        highp float s = 0.0;
        highp float a = 0.5;
        for (int i = 0; i < 5; i++)
        {
            highp vec3 param = p;
            s += (a * _noise(param));
            p = (p * 2.0299999713897705078125) + vec3(1.7000000476837158203125, 9.19999980926513671875, 3.099999904632568359375);
            a *= 0.5;
        }
        return s;
    }

    void main()
    {
        highp vec3 _302 = normalize(ray);
        highp vec3 param = _302;
        highp float param_1 = 90.0;
        highp float param_2 = 1.60000002384185791015625;
        highp vec3 param_3 = _302;
        highp float param_4 = 160.0;
        highp float param_5 = 1.10000002384185791015625;
        highp vec3 param_6 = _302;
        highp float param_7 = 300.0;
        highp float param_8 = 0.800000011920928955078125;
        highp float _333 = dot(_302, sky_fs_params[0].xyz);
        highp float _352 = max(_333, 0.0);
        highp vec3 c = ((star_grid(param, param_1, param_2) + star_grid(param_3, param_4, param_5)) + star_grid(param_6, param_7, param_8)) + (sky_fs_params[1].xyz * (((smoothstep(sky_fs_params[0].w - 1.9999999494757503271102905273438e-05, sky_fs_params[0].w + 1.9999999494757503271102905273438e-05, _333) * 8.0) + (sky_fs_params[1].w * pow(_352, 400.0))) + ((0.039999999105930328369140625 * sky_fs_params[1].w) * pow(_352, 12.0))));
        highp float _381 = dot(_302, sky_fs_params[2].xyz);
        highp float _385 = _381 * _381;
        highp float _390 = _385 - (1.0 - (sky_fs_params[2].w * sky_fs_params[2].w));
        highp float _406 = sqrt(max(1.0 - _385, 0.0)) / sky_fs_params[2].w;
        bool _414 = _381 > 0.0;
        if ((_390 > 0.0) && _414)
        {
            highp vec3 _429 = normalize((_302 * (_381 - sqrt(_390))) - sky_fs_params[2].xyz);
            highp float _433 = dot(_429, sky_fs_params[0].xyz);
            highp float _440 = (0.5 - sky_fs_params[3].w) * 0.3499999940395355224609375;
            highp vec3 param_9 = (_429 * 3.0) + vec3(4.0);
            highp float _454 = fbm(param_9);
            highp vec3 param_10 = _429 * 4.0;
            highp float _482 = fbm(param_10);
            highp vec3 param_11 = vec3(_429.x * 2.5, _429.y * 7.0, _429.z * 2.5) + vec3(_482 * 1.5);
            highp float _488 = fbm(param_11);
            highp float _493 = (0.5 - sky_fs_params[4].w) * 0.3499999940395355224609375;
            highp vec3 _512 = mix(mix(sky_fs_params[3].xyz, sky_fs_params[4].xyz, vec3(smoothstep(_440 + 0.48500001430511474609375, _440 + 0.51499998569488525390625, _454))), sky_fs_params[5].xyz, vec3(smoothstep(_493 + 0.439999997615814208984375, _493 + 0.60000002384185791015625, _488 * 0.75)));
            highp float _517 = smoothstep(-0.07999999821186065673828125, 0.25, _433);
            c = ((((_512 * sky_fs_params[1].xyz) * max(_433, 0.0)) * 1.10000002384185791015625) + ((_512 * sky_fs_params[5].w) * (1.0 - _517))) + (((sky_fs_params[6].xyz * pow(1.0 - max(dot(_429, -_302), 0.0), 3.0)) * _517) * 0.800000011920928955078125);
        }
        else
        {
            bool _566;
            if (_414)
            {
                _566 = _406 < (1.0 + (sky_fs_params[6].w * 3.0));
            }
            else
            {
                _566 = _414;
            }
            if (_566)
            {
                c += (((sky_fs_params[6].xyz * exp((1.0 - _406) / max(sky_fs_params[6].w, 9.9999997473787516355514526367188e-05))) * smoothstep(-0.300000011920928955078125, 0.300000011920928955078125, dot(normalize((_302 * _381) - sky_fs_params[2].xyz), sky_fs_params[0].xyz))) * 0.89999997615814208984375);
            }
        }
        frag_color = vec4(c, 1.0);
    }

*/
pub const SKY_FS_SOURCE_GLSL300ES: [u8; 5915] = [
    0x23, 0x76, 0x65, 0x72, 0x73, 0x69, 0x6f, 0x6e, 0x20, 0x33, 0x30, 0x30, 0x20, 0x65, 0x73, 0x0a, 0x70, 0x72, 0x65,
    0x63, 0x69, 0x73, 0x69, 0x6f, 0x6e, 0x20, 0x6d, 0x65, 0x64, 0x69, 0x75, 0x6d, 0x70, 0x20, 0x66, 0x6c, 0x6f, 0x61,
    0x74, 0x3b, 0x0a, 0x70, 0x72, 0x65, 0x63, 0x69, 0x73, 0x69, 0x6f, 0x6e, 0x20, 0x68, 0x69, 0x67, 0x68, 0x70, 0x20,
    0x69, 0x6e, 0x74, 0x3b, 0x0a, 0x0a, 0x75, 0x6e, 0x69, 0x66, 0x6f, 0x72, 0x6d, 0x20, 0x68, 0x69, 0x67, 0x68, 0x70,
    0x20, 0x76, 0x65, 0x63, 0x34, 0x20, 0x73, 0x6b, 0x79, 0x5f, 0x66, 0x73, 0x5f, 0x70, 0x61, 0x72, 0x61, 0x6d, 0x73,
    0x5b, 0x38, 0x5d, 0x3b, 0x0a, 0x69, 0x6e, 0x20, 0x68, 0x69, 0x67, 0x68, 0x70, 0x20, 0x76, 0x65, 0x63, 0x33, 0x20,
    0x72, 0x61, 0x79, 0x3b, 0x0a, 0x6c, 0x61, 0x79, 0x6f, 0x75, 0x74, 0x28, 0x6c, 0x6f, 0x63, 0x61, 0x74, 0x69, 0x6f,
    0x6e, 0x20, 0x3d, 0x20, 0x30, 0x29, 0x20, 0x6f, 0x75, 0x74, 0x20, 0x68, 0x69, 0x67, 0x68, 0x70, 0x20, 0x76, 0x65,
    0x63, 0x34, 0x20, 0x66, 0x72, 0x61, 0x67, 0x5f, 0x63, 0x6f, 0x6c, 0x6f, 0x72, 0x3b, 0x0a, 0x0a, 0x68, 0x69, 0x67,
    0x68, 0x70, 0x20, 0x76, 0x65, 0x63, 0x33, 0x20, 0x68, 0x61, 0x73, 0x68, 0x33, 0x33, 0x28, 0x69, 0x6e, 0x6f, 0x75,
    0x74, 0x20, 0x68, 0x69, 0x67, 0x68, 0x70, 0x20, 0x76, 0x65, 0x63, 0x33, 0x20, 0x70, 0x29, 0x0a, 0x7b, 0x0a, 0x20,
    0x20, 0x20, 0x20, 0x70, 0x20, 0x3d, 0x20, 0x66, 0x72, 0x61, 0x63, 0x74, 0x28, 0x70, 0x20, 0x2a, 0x20, 0x76, 0x65,
    0x63, 0x33, 0x28, 0x30, 0x2e, 0x31, 0x30, 0x33, 0x31, 0x30, 0x30, 0x30, 0x30, 0x31, 0x38, 0x31, 0x31, 0x39, 0x38,
    0x31, 0x32, 0x30, 0x31, 0x31, 0x37, 0x31, 0x38, 0x37, 0x35, 0x2c, 0x20, 0x30, 0x2e, 0x31, 0x30, 0x33, 0x30, 0x30,
    0x30, 0x30, 0x30, 0x30, 0x31, 0x31, 0x39, 0x32, 0x30, 0x39, 0x32, 0x38, 0x39, 0x35, 0x35, 0x30, 0x37, 0x38, 0x31,
    0x32, 0x35, 0x2c, 0x20, 0x30, 0x2e, 0x30, 0x39, 0x37, 0x33, 0x30, 0x30, 0x30, 0x30, 0x30, 0x34, 0x38, 0x38, 0x37,
    0x35, 0x38, 0x30, 0x38, 0x37, 0x31, 0x35, 0x38, 0x32, 0x30, 0x33, 0x31, 0x32, 0x35, 0x29, 0x29, 0x3b, 0x0a, 0x20,
    0x20, 0x20, 0x20, 0x70, 0x20, 0x2b, 0x3d, 0x20, 0x76, 0x65, 0x63, 0x33, 0x28, 0x64, 0x6f, 0x74, 0x28, 0x70, 0x2c,
    0x20, 0x70, 0x2e, 0x79, 0x78, 0x7a, 0x20, 0x2b, 0x20, 0x76, 0x65, 0x63, 0x33, 0x28, 0x33, 0x33, 0x2e, 0x33, 0x33,
    0x30, 0x30, 0x30, 0x31, 0x38, 0x33, 0x31, 0x30, 0x35, 0x34, 0x36, 0x38, 0x37, 0x35, 0x29, 0x29, 0x29, 0x3b, 0x0a,
    0x20, 0x20, 0x20, 0x20, 0x72, 0x65, 0x74, 0x75, 0x72, 0x6e, 0x20, 0x66, 0x72, 0x61, 0x63, 0x74, 0x28, 0x28, 0x70,
    0x2e, 0x78, 0x78, 0x79, 0x20, 0x2b, 0x20, 0x70, 0x2e, 0x79, 0x78, 0x78, 0x29, 0x20, 0x2a, 0x20, 0x70, 0x2e, 0x7a,
    0x79, 0x78, 0x29, 0x3b, 0x0a, 0x7d, 0x0a, 0x0a, 0x68, 0x69, 0x67, 0x68, 0x70, 0x20, 0x66, 0x6c, 0x6f, 0x61, 0x74,
    0x20, 0x68, 0x61, 0x73, 0x68, 0x31, 0x33, 0x28, 0x69, 0x6e, 0x6f, 0x75, 0x74, 0x20, 0x68, 0x69, 0x67, 0x68, 0x70,
    0x20, 0x76, 0x65, 0x63, 0x33, 0x20, 0x70, 0x29, 0x0a, 0x7b, 0x0a, 0x20, 0x20, 0x20, 0x20, 0x70, 0x20, 0x3d, 0x20,
    0x66, 0x72, 0x61, 0x63, 0x74, 0x28, 0x70, 0x20, 0x2a, 0x20, 0x30, 0x2e, 0x31, 0x30, 0x33, 0x31, 0x30, 0x30, 0x30,
    0x30, 0x31, 0x38, 0x31, 0x31, 0x39, 0x38, 0x31, 0x32, 0x30, 0x31, 0x31, 0x37, 0x31, 0x38, 0x37, 0x35, 0x29, 0x3b,
    0x0a, 0x20, 0x20, 0x20, 0x20, 0x70, 0x20, 0x2b, 0x3d, 0x20, 0x76, 0x65, 0x63, 0x33, 0x28, 0x64, 0x6f, 0x74, 0x28,
    0x70, 0x2c, 0x20, 0x70, 0x2e, 0x7a, 0x79, 0x78, 0x20, 0x2b, 0x20, 0x76, 0x65, 0x63, 0x33, 0x28, 0x33, 0x31, 0x2e,
    0x33, 0x31, 0x39, 0x39, 0x39, 0x39, 0x36, 0x39, 0x34, 0x38, 0x32, 0x34, 0x32, 0x31, 0x38, 0x37, 0x35, 0x29, 0x29,
    0x29, 0x3b, 0x0a, 0x20, 0x20, 0x20, 0x20, 0x72, 0x65, 0x74, 0x75, 0x72, 0x6e, 0x20, 0x66, 0x72, 0x61, 0x63, 0x74,
    0x28, 0x28, 0x70, 0x2e, 0x78, 0x20, 0x2b, 0x20, 0x70, 0x2e, 0x79, 0x29, 0x20, 0x2a, 0x20, 0x70, 0x2e, 0x7a, 0x29,
    0x3b, 0x0a, 0x7d, 0x0a, 0x0a, 0x68, 0x69, 0x67, 0x68, 0x70, 0x20, 0x76, 0x65, 0x63, 0x33, 0x20, 0x73, 0x74, 0x61,
    0x72, 0x5f, 0x67, 0x72, 0x69, 0x64, 0x28, 0x68, 0x69, 0x67, 0x68, 0x70, 0x20, 0x76, 0x65, 0x63, 0x33, 0x20, 0x64,
    0x2c, 0x20, 0x68, 0x69, 0x67, 0x68, 0x70, 0x20, 0x66, 0x6c, 0x6f, 0x61, 0x74, 0x20, 0x73, 0x63, 0x61, 0x6c, 0x65,
    0x2c, 0x20, 0x68, 0x69, 0x67, 0x68, 0x70, 0x20, 0x66, 0x6c, 0x6f, 0x61, 0x74, 0x20, 0x73, 0x69, 0x7a, 0x65, 0x5f,
    0x70, 0x78, 0x29, 0x0a, 0x7b, 0x0a, 0x20, 0x20, 0x20, 0x20, 0x68, 0x69, 0x67, 0x68, 0x70, 0x20, 0x76, 0x65, 0x63,
    0x33, 0x20, 0x5f, 0x32, 0x31, 0x34, 0x20, 0x3d, 0x20, 0x66, 0x6c, 0x6f, 0x6f, 0x72, 0x28, 0x64, 0x20, 0x2a, 0x20,
    0x73, 0x63, 0x61, 0x6c, 0x65, 0x29, 0x3b, 0x0a, 0x20, 0x20, 0x20, 0x20, 0x68, 0x69, 0x67, 0x68, 0x70, 0x20, 0x76,
    0x65, 0x63, 0x33, 0x20, 0x70, 0x61, 0x72, 0x61, 0x6d, 0x20, 0x3d, 0x20, 0x5f, 0x32, 0x31, 0x34, 0x3b, 0x0a, 0x20,
    0x20, 0x20, 0x20, 0x68, 0x69, 0x67, 0x68, 0x70, 0x20, 0x76, 0x65, 0x63, 0x33, 0x20, 0x5f, 0x32, 0x31, 0x38, 0x20,
    0x3d, 0x20, 0x68, 0x61, 0x73, 0x68, 0x33, 0x33, 0x28, 0x70, 0x61, 0x72, 0x61, 0x6d, 0x29, 0x3b, 0x0a, 0x20, 0x20,
    0x20, 0x20, 0x69, 0x66, 0x20, 0x28, 0x5f, 0x32, 0x31, 0x38, 0x2e, 0x7a, 0x20, 0x3e, 0x20, 0x73, 0x6b, 0x79, 0x5f,
    0x66, 0x73, 0x5f, 0x70, 0x61, 0x72, 0x61, 0x6d, 0x73, 0x5b, 0x37, 0x5d, 0x2e, 0x78, 0x29, 0x0a, 0x20, 0x20, 0x20,
    0x20, 0x7b, 0x0a, 0x20, 0x20, 0x20, 0x20, 0x20, 0x20, 0x20, 0x20, 0x72, 0x65, 0x74, 0x75, 0x72, 0x6e, 0x20, 0x76,
    0x65, 0x63, 0x33, 0x28, 0x30, 0x2e, 0x30, 0x29, 0x3b, 0x0a, 0x20, 0x20, 0x20, 0x20, 0x7d, 0x0a, 0x20, 0x20, 0x20,
    0x20, 0x68, 0x69, 0x67, 0x68, 0x70, 0x20, 0x66, 0x6c, 0x6f, 0x61, 0x74, 0x20, 0x5f, 0x32, 0x35, 0x39, 0x20, 0x3d,
    0x20, 0x63, 0x6c, 0x61, 0x6d, 0x70, 0x28, 0x31, 0x2e, 0x30, 0x20, 0x2d, 0x20, 0x28, 0x28, 0x61, 0x63, 0x6f, 0x73,
    0x28, 0x63, 0x6c, 0x61, 0x6d, 0x70, 0x28, 0x64, 0x6f, 0x74, 0x28, 0x64, 0x2c, 0x20, 0x6e, 0x6f, 0x72, 0x6d, 0x61,
    0x6c, 0x69, 0x7a, 0x65, 0x28, 0x28, 0x5f, 0x32, 0x31, 0x34, 0x20, 0x2b, 0x20, 0x76, 0x65, 0x63, 0x33, 0x28, 0x30,
    0x2e, 0x32, 0x30, 0x30, 0x30, 0x30, 0x30, 0x30, 0x30, 0x32, 0x39, 0x38, 0x30, 0x32, 0x33, 0x32, 0x32, 0x33, 0x38,
    0x37, 0x36, 0x39, 0x35, 0x33, 0x31, 0x32, 0x35, 0x29, 0x29, 0x20, 0x2b, 0x20, 0x28, 0x5f, 0x32, 0x31, 0x38, 0x20,
    0x2a, 0x20, 0x30, 0x2e, 0x36, 0x30, 0x30, 0x30, 0x30, 0x30, 0x30, 0x32, 0x33, 0x38, 0x34, 0x31, 0x38, 0x35, 0x37,
    0x39, 0x31, 0x30, 0x31, 0x35, 0x36, 0x32, 0x35, 0x29, 0x29, 0x29, 0x2c, 0x20, 0x2d, 0x31, 0x2e, 0x30, 0x2c, 0x20,
    0x31, 0x2e, 0x30, 0x29, 0x29, 0x20, 0x2f, 0x20, 0x73, 0x6b, 0x79, 0x5f, 0x66, 0x73, 0x5f, 0x70, 0x61, 0x72, 0x61,
    0x6d, 0x73, 0x5b, 0x37, 0x5d, 0x2e, 0x7a, 0x29, 0x20, 0x2f, 0x20, 0x73, 0x69, 0x7a, 0x65, 0x5f, 0x70, 0x78, 0x29,
    0x2c, 0x20, 0x30, 0x2e, 0x30, 0x2c, 0x20, 0x31, 0x2e, 0x30, 0x29, 0x3b, 0x0a, 0x20, 0x20, 0x20, 0x20, 0x68, 0x69,
    0x67, 0x68, 0x70, 0x20, 0x76, 0x65, 0x63, 0x33, 0x20, 0x70, 0x61, 0x72, 0x61, 0x6d, 0x5f, 0x31, 0x20, 0x3d, 0x20,
    0x5f, 0x32, 0x31, 0x34, 0x20, 0x2b, 0x20, 0x76, 0x65, 0x63, 0x33, 0x28, 0x37, 0x2e, 0x30, 0x29, 0x3b, 0x0a, 0x20,
    0x20, 0x20, 0x20, 0x68, 0x69, 0x67, 0x68, 0x70, 0x20, 0x66, 0x6c, 0x6f, 0x61, 0x74, 0x20, 0x5f, 0x32, 0x36, 0x36,
    0x20, 0x3d, 0x20, 0x68, 0x61, 0x73, 0x68, 0x31, 0x33, 0x28, 0x70, 0x61, 0x72, 0x61, 0x6d, 0x5f, 0x31, 0x29, 0x3b,
    0x0a, 0x20, 0x20, 0x20, 0x20, 0x72, 0x65, 0x74, 0x75, 0x72, 0x6e, 0x20, 0x28, 0x28, 0x28, 0x6d, 0x69, 0x78, 0x28,
    0x76, 0x65, 0x63, 0x33, 0x28, 0x30, 0x2e, 0x37, 0x35, 0x2c, 0x20, 0x30, 0x2e, 0x38, 0x35, 0x30, 0x30, 0x30, 0x30,
    0x30, 0x32, 0x33, 0x38, 0x34, 0x31, 0x38, 0x35, 0x37, 0x39, 0x31, 0x30, 0x31, 0x35, 0x36, 0x32, 0x35, 0x2c, 0x20,
    0x31, 0x2e, 0x30, 0x29, 0x2c, 0x20, 0x76, 0x65, 0x63, 0x33, 0x28, 0x31, 0x2e, 0x30, 0x2c, 0x20, 0x30, 0x2e, 0x38,
    0x39, 0x39, 0x39, 0x39, 0x39, 0x39, 0x37, 0x36, 0x31, 0x35, 0x38, 0x31, 0x34, 0x32, 0x30, 0x38, 0x39, 0x38, 0x34,
    0x33, 0x37, 0x35, 0x2c, 0x20, 0x30, 0x2e, 0x37, 0x35, 0x29, 0x2c, 0x20, 0x76, 0x65, 0x63, 0x33, 0x28, 0x5f, 0x32,
    0x36, 0x36, 0x29, 0x29, 0x20, 0x2a, 0x20, 0x5f, 0x32, 0x35, 0x39, 0x29, 0x20, 0x2a, 0x20, 0x5f, 0x32, 0x35, 0x39,
    0x29, 0x20, 0x2a, 0x20, 0x73, 0x6b, 0x79, 0x5f, 0x66, 0x73, 0x5f, 0x70, 0x61, 0x72, 0x61, 0x6d, 0x73, 0x5b, 0x37,
    0x5d, 0x2e, 0x79, 0x29, 0x20, 0x2a, 0x20, 0x28, 0x30, 0x2e, 0x31, 0x35, 0x30, 0x30, 0x30, 0x30, 0x30, 0x30, 0x35,
    0x39, 0x36, 0x30, 0x34, 0x36, 0x34, 0x34, 0x37, 0x37, 0x35, 0x33, 0x39, 0x30, 0x36, 0x32, 0x35, 0x20, 0x2b, 0x20,
    0x28, 0x28, 0x28, 0x30, 0x2e, 0x38, 0x35, 0x30, 0x30, 0x30, 0x30, 0x30, 0x32, 0x33, 0x38, 0x34, 0x31, 0x38, 0x35,
    0x37, 0x39, 0x31, 0x30, 0x31, 0x35, 0x36, 0x32, 0x35, 0x20, 0x2a, 0x20, 0x5f, 0x32, 0x31, 0x38, 0x2e, 0x79, 0x29,
    0x20, 0x2a, 0x20, 0x5f, 0x32, 0x31, 0x38, 0x2e, 0x79, 0x29, 0x20, 0x2a, 0x20, 0x5f, 0x32, 0x31, 0x38, 0x2e, 0x79,
    0x29, 0x29, 0x3b, 0x0a, 0x7d, 0x0a, 0x0a, 0x68, 0x69, 0x67, 0x68, 0x70, 0x20, 0x66, 0x6c, 0x6f, 0x61, 0x74, 0x20,
    0x5f, 0x6e, 0x6f, 0x69, 0x73, 0x65, 0x28, 0x68, 0x69, 0x67, 0x68, 0x70, 0x20, 0x76, 0x65, 0x63, 0x33, 0x20, 0x70,
    0x29, 0x0a, 0x7b, 0x0a, 0x20, 0x20, 0x20, 0x20, 0x68, 0x69, 0x67, 0x68, 0x70, 0x20, 0x76, 0x65, 0x63, 0x33, 0x20,
    0x5f, 0x38, 0x38, 0x20, 0x3d, 0x20, 0x66, 0x6c, 0x6f, 0x6f, 0x72, 0x28, 0x70, 0x29, 0x3b, 0x0a, 0x20, 0x20, 0x20,
    0x20, 0x68, 0x69, 0x67, 0x68, 0x70, 0x20, 0x76, 0x65, 0x63, 0x33, 0x20, 0x5f, 0x39, 0x31, 0x20, 0x3d, 0x20, 0x66,
    0x72, 0x61, 0x63, 0x74, 0x28, 0x70, 0x29, 0x3b, 0x0a, 0x20, 0x20, 0x20, 0x20, 0x68, 0x69, 0x67, 0x68, 0x70, 0x20,
    0x76, 0x65, 0x63, 0x33, 0x20, 0x5f, 0x31, 0x30, 0x31, 0x20, 0x3d, 0x20, 0x28, 0x5f, 0x39, 0x31, 0x20, 0x2a, 0x20,
    0x5f, 0x39, 0x31, 0x29, 0x20, 0x2a, 0x20, 0x28, 0x76, 0x65, 0x63, 0x33, 0x28, 0x33, 0x2e, 0x30, 0x29, 0x20, 0x2d,
    0x20, 0x28, 0x5f, 0x39, 0x31, 0x20, 0x2a, 0x20, 0x32, 0x2e, 0x30, 0x29, 0x29, 0x3b, 0x0a, 0x20, 0x20, 0x20, 0x20,
    0x68, 0x69, 0x67, 0x68, 0x70, 0x20, 0x76, 0x65, 0x63, 0x33, 0x20, 0x70, 0x61, 0x72, 0x61, 0x6d, 0x20, 0x3d, 0x20,
    0x5f, 0x38, 0x38, 0x3b, 0x0a, 0x20, 0x20, 0x20, 0x20, 0x68, 0x69, 0x67, 0x68, 0x70, 0x20, 0x66, 0x6c, 0x6f, 0x61,
    0x74, 0x20, 0x5f, 0x31, 0x30, 0x35, 0x20, 0x3d, 0x20, 0x68, 0x61, 0x73, 0x68, 0x31, 0x33, 0x28, 0x70, 0x61, 0x72,
    0x61, 0x6d, 0x29, 0x3b, 0x0a, 0x20, 0x20, 0x20, 0x20, 0x68, 0x69, 0x67, 0x68, 0x70, 0x20, 0x76, 0x65, 0x63, 0x33,
    0x20, 0x70, 0x61, 0x72, 0x61, 0x6d, 0x5f, 0x31, 0x20, 0x3d, 0x20, 0x5f, 0x38, 0x38, 0x20, 0x2b, 0x20, 0x76, 0x65,
    0x63, 0x33, 0x28, 0x31, 0x2e, 0x30, 0x2c, 0x20, 0x30, 0x2e, 0x30, 0x2c, 0x20, 0x30, 0x2e, 0x30, 0x29, 0x3b, 0x0a,
    0x20, 0x20, 0x20, 0x20, 0x68, 0x69, 0x67, 0x68, 0x70, 0x20, 0x66, 0x6c, 0x6f, 0x61, 0x74, 0x20, 0x5f, 0x31, 0x31,
    0x32, 0x20, 0x3d, 0x20, 0x68, 0x61, 0x73, 0x68, 0x31, 0x33, 0x28, 0x70, 0x61, 0x72, 0x61, 0x6d, 0x5f, 0x31, 0x29,
    0x3b, 0x0a, 0x20, 0x20, 0x20, 0x20, 0x68, 0x69, 0x67, 0x68, 0x70, 0x20, 0x66, 0x6c, 0x6f, 0x61, 0x74, 0x20, 0x5f,
    0x31, 0x31, 0x34, 0x20, 0x3d, 0x20, 0x5f, 0x31, 0x30, 0x31, 0x2e, 0x78, 0x3b, 0x0a, 0x20, 0x20, 0x20, 0x20, 0x68,
    0x69, 0x67, 0x68, 0x70, 0x20, 0x76, 0x65, 0x63, 0x33, 0x20, 0x70, 0x61, 0x72, 0x61, 0x6d, 0x5f, 0x32, 0x20, 0x3d,
    0x20, 0x5f, 0x38, 0x38, 0x20, 0x2b, 0x20, 0x76, 0x65, 0x63, 0x33, 0x28, 0x30, 0x2e, 0x30, 0x2c, 0x20, 0x31, 0x2e,
    0x30, 0x2c, 0x20, 0x30, 0x2e, 0x30, 0x29, 0x3b, 0x0a, 0x20, 0x20, 0x20, 0x20, 0x68, 0x69, 0x67, 0x68, 0x70, 0x20,
    0x66, 0x6c, 0x6f, 0x61, 0x74, 0x20, 0x5f, 0x31, 0x32, 0x30, 0x20, 0x3d, 0x20, 0x68, 0x61, 0x73, 0x68, 0x31, 0x33,
    0x28, 0x70, 0x61, 0x72, 0x61, 0x6d, 0x5f, 0x32, 0x29, 0x3b, 0x0a, 0x20, 0x20, 0x20, 0x20, 0x68, 0x69, 0x67, 0x68,
    0x70, 0x20, 0x76, 0x65, 0x63, 0x33, 0x20, 0x70, 0x61, 0x72, 0x61, 0x6d, 0x5f, 0x33, 0x20, 0x3d, 0x20, 0x5f, 0x38,
    0x38, 0x20, 0x2b, 0x20, 0x76, 0x65, 0x63, 0x33, 0x28, 0x31, 0x2e, 0x30, 0x2c, 0x20, 0x31, 0x2e, 0x30, 0x2c, 0x20,
    0x30, 0x2e, 0x30, 0x29, 0x3b, 0x0a, 0x20, 0x20, 0x20, 0x20, 0x68, 0x69, 0x67, 0x68, 0x70, 0x20, 0x66, 0x6c, 0x6f,
    0x61, 0x74, 0x20, 0x5f, 0x31, 0x32, 0x35, 0x20, 0x3d, 0x20, 0x68, 0x61, 0x73, 0x68, 0x31, 0x33, 0x28, 0x70, 0x61,
    0x72, 0x61, 0x6d, 0x5f, 0x33, 0x29, 0x3b, 0x0a, 0x20, 0x20, 0x20, 0x20, 0x68, 0x69, 0x67, 0x68, 0x70, 0x20, 0x66,
    0x6c, 0x6f, 0x61, 0x74, 0x20, 0x5f, 0x31, 0x33, 0x30, 0x20, 0x3d, 0x20, 0x5f, 0x31, 0x30, 0x31, 0x2e, 0x79, 0x3b,
    0x0a, 0x20, 0x20, 0x20, 0x20, 0x68, 0x69, 0x67, 0x68, 0x70, 0x20, 0x76, 0x65, 0x63, 0x33, 0x20, 0x70, 0x61, 0x72,
    0x61, 0x6d, 0x5f, 0x34, 0x20, 0x3d, 0x20, 0x5f, 0x38, 0x38, 0x20, 0x2b, 0x20, 0x76, 0x65, 0x63, 0x33, 0x28, 0x30,
    0x2e, 0x30, 0x2c, 0x20, 0x30, 0x2e, 0x30, 0x2c, 0x20, 0x31, 0x2e, 0x30, 0x29, 0x3b, 0x0a, 0x20, 0x20, 0x20, 0x20,
    0x68, 0x69, 0x67, 0x68, 0x70, 0x20, 0x66, 0x6c, 0x6f, 0x61, 0x74, 0x20, 0x5f, 0x31, 0x33, 0x37, 0x20, 0x3d, 0x20,
    0x68, 0x61, 0x73, 0x68, 0x31, 0x33, 0x28, 0x70, 0x61, 0x72, 0x61, 0x6d, 0x5f, 0x34, 0x29, 0x3b, 0x0a, 0x20, 0x20,
    0x20, 0x20, 0x68, 0x69, 0x67, 0x68, 0x70, 0x20, 0x76, 0x65, 0x63, 0x33, 0x20, 0x70, 0x61, 0x72, 0x61, 0x6d, 0x5f,
    0x35, 0x20, 0x3d, 0x20, 0x5f, 0x38, 0x38, 0x20, 0x2b, 0x20, 0x76, 0x65, 0x63, 0x33, 0x28, 0x31, 0x2e, 0x30, 0x2c,
    0x20, 0x30, 0x2e, 0x30, 0x2c, 0x20, 0x31, 0x2e, 0x30, 0x29, 0x3b, 0x0a, 0x20, 0x20, 0x20, 0x20, 0x68, 0x69, 0x67,
    0x68, 0x70, 0x20, 0x66, 0x6c, 0x6f, 0x61, 0x74, 0x20, 0x5f, 0x31, 0x34, 0x32, 0x20, 0x3d, 0x20, 0x68, 0x61, 0x73,
    0x68, 0x31, 0x33, 0x28, 0x70, 0x61, 0x72, 0x61, 0x6d, 0x5f, 0x35, 0x29, 0x3b, 0x0a, 0x20, 0x20, 0x20, 0x20, 0x68,
    0x69, 0x67, 0x68, 0x70, 0x20, 0x76, 0x65, 0x63, 0x33, 0x20, 0x70, 0x61, 0x72, 0x61, 0x6d, 0x5f, 0x36, 0x20, 0x3d,
    0x20, 0x5f, 0x38, 0x38, 0x20, 0x2b, 0x20, 0x76, 0x65, 0x63, 0x33, 0x28, 0x30, 0x2e, 0x30, 0x2c, 0x20, 0x31, 0x2e,
    0x30, 0x2c, 0x20, 0x31, 0x2e, 0x30, 0x29, 0x3b, 0x0a, 0x20, 0x20, 0x20, 0x20, 0x68, 0x69, 0x67, 0x68, 0x70, 0x20,
    0x66, 0x6c, 0x6f, 0x61, 0x74, 0x20, 0x5f, 0x31, 0x35, 0x30, 0x20, 0x3d, 0x20, 0x68, 0x61, 0x73, 0x68, 0x31, 0x33,
    0x28, 0x70, 0x61, 0x72, 0x61, 0x6d, 0x5f, 0x36, 0x29, 0x3b, 0x0a, 0x20, 0x20, 0x20, 0x20, 0x68, 0x69, 0x67, 0x68,
    0x70, 0x20, 0x76, 0x65, 0x63, 0x33, 0x20, 0x70, 0x61, 0x72, 0x61, 0x6d, 0x5f, 0x37, 0x20, 0x3d, 0x20, 0x5f, 0x38,
    0x38, 0x20, 0x2b, 0x20, 0x76, 0x65, 0x63, 0x33, 0x28, 0x31, 0x2e, 0x30, 0x29, 0x3b, 0x0a, 0x20, 0x20, 0x20, 0x20,
    0x68, 0x69, 0x67, 0x68, 0x70, 0x20, 0x66, 0x6c, 0x6f, 0x61, 0x74, 0x20, 0x5f, 0x31, 0x35, 0x35, 0x20, 0x3d, 0x20,
    0x68, 0x61, 0x73, 0x68, 0x31, 0x33, 0x28, 0x70, 0x61, 0x72, 0x61, 0x6d, 0x5f, 0x37, 0x29, 0x3b, 0x0a, 0x20, 0x20,
    0x20, 0x20, 0x72, 0x65, 0x74, 0x75, 0x72, 0x6e, 0x20, 0x6d, 0x69, 0x78, 0x28, 0x6d, 0x69, 0x78, 0x28, 0x6d, 0x69,
    0x78, 0x28, 0x5f, 0x31, 0x30, 0x35, 0x2c, 0x20, 0x5f, 0x31, 0x31, 0x32, 0x2c, 0x20, 0x5f, 0x31, 0x31, 0x34, 0x29,
    0x2c, 0x20, 0x6d, 0x69, 0x78, 0x28, 0x5f, 0x31, 0x32, 0x30, 0x2c, 0x20, 0x5f, 0x31, 0x32, 0x35, 0x2c, 0x20, 0x5f,
    0x31, 0x31, 0x34, 0x29, 0x2c, 0x20, 0x5f, 0x31, 0x33, 0x30, 0x29, 0x2c, 0x20, 0x6d, 0x69, 0x78, 0x28, 0x6d, 0x69,
    0x78, 0x28, 0x5f, 0x31, 0x33, 0x37, 0x2c, 0x20, 0x5f, 0x31, 0x34, 0x32, 0x2c, 0x20, 0x5f, 0x31, 0x31, 0x34, 0x29,
    0x2c, 0x20, 0x6d, 0x69, 0x78, 0x28, 0x5f, 0x31, 0x35, 0x30, 0x2c, 0x20, 0x5f, 0x31, 0x35, 0x35, 0x2c, 0x20, 0x5f,
    0x31, 0x31, 0x34, 0x29, 0x2c, 0x20, 0x5f, 0x31, 0x33, 0x30, 0x29, 0x2c, 0x20, 0x5f, 0x31, 0x30, 0x31, 0x2e, 0x7a,
    0x29, 0x3b, 0x0a, 0x7d, 0x0a, 0x0a, 0x68, 0x69, 0x67, 0x68, 0x70, 0x20, 0x66, 0x6c, 0x6f, 0x61, 0x74, 0x20, 0x66,
    0x62, 0x6d, 0x28, 0x69, 0x6e, 0x6f, 0x75, 0x74, 0x20, 0x68, 0x69, 0x67, 0x68, 0x70, 0x20, 0x76, 0x65, 0x63, 0x33,
    0x20, 0x70, 0x29, 0x0a, 0x7b, 0x0a, 0x20, 0x20, 0x20, 0x20, 0x68, 0x69, 0x67, 0x68, 0x70, 0x20, 0x66, 0x6c, 0x6f,
    0x61, 0x74, 0x20, 0x73, 0x20, 0x3d, 0x20, 0x30, 0x2e, 0x30, 0x3b, 0x0a, 0x20, 0x20, 0x20, 0x20, 0x68, 0x69, 0x67,
    0x68, 0x70, 0x20, 0x66, 0x6c, 0x6f, 0x61, 0x74, 0x20, 0x61, 0x20, 0x3d, 0x20, 0x30, 0x2e, 0x35, 0x3b, 0x0a, 0x20,
    0x20, 0x20, 0x20, 0x66, 0x6f, 0x72, 0x20, 0x28, 0x69, 0x6e, 0x74, 0x20, 0x69, 0x20, 0x3d, 0x20, 0x30, 0x3b, 0x20,
    0x69, 0x20, 0x3c, 0x20, 0x35, 0x3b, 0x20, 0x69, 0x2b, 0x2b, 0x29, 0x0a, 0x20, 0x20, 0x20, 0x20, 0x7b, 0x0a, 0x20,
    0x20, 0x20, 0x20, 0x20, 0x20, 0x20, 0x20, 0x68, 0x69, 0x67, 0x68, 0x70, 0x20, 0x76, 0x65, 0x63, 0x33, 0x20, 0x70,
    0x61, 0x72, 0x61, 0x6d, 0x20, 0x3d, 0x20, 0x70, 0x3b, 0x0a, 0x20, 0x20, 0x20, 0x20, 0x20, 0x20, 0x20, 0x20, 0x73,
    0x20, 0x2b, 0x3d, 0x20, 0x28, 0x61, 0x20, 0x2a, 0x20, 0x5f, 0x6e, 0x6f, 0x69, 0x73, 0x65, 0x28, 0x70, 0x61, 0x72,
    0x61, 0x6d, 0x29, 0x29, 0x3b, 0x0a, 0x20, 0x20, 0x20, 0x20, 0x20, 0x20, 0x20, 0x20, 0x70, 0x20, 0x3d, 0x20, 0x28,
    0x70, 0x20, 0x2a, 0x20, 0x32, 0x2e, 0x30, 0x32, 0x39, 0x39, 0x39, 0x39, 0x39, 0x37, 0x31, 0x33, 0x38, 0x39, 0x37,
    0x37, 0x30, 0x35, 0x30, 0x37, 0x38, 0x31, 0x32, 0x35, 0x29, 0x20, 0x2b, 0x20, 0x76, 0x65, 0x63, 0x33, 0x28, 0x31,
    0x2e, 0x37, 0x30, 0x30, 0x30, 0x30, 0x30, 0x30, 0x34, 0x37, 0x36, 0x38, 0x33, 0x37, 0x31, 0x35, 0x38, 0x32, 0x30,
    0x33, 0x31, 0x32, 0x35, 0x2c, 0x20, 0x39, 0x2e, 0x31, 0x39, 0x39, 0x39, 0x39, 0x39, 0x38, 0x30, 0x39, 0x32, 0x36,
    0x35, 0x31, 0x33, 0x36, 0x37, 0x31, 0x38, 0x37, 0x35, 0x2c, 0x20, 0x33, 0x2e, 0x30, 0x39, 0x39, 0x39, 0x39, 0x39,
    0x39, 0x30, 0x34, 0x36, 0x33, 0x32, 0x35, 0x36, 0x38, 0x33, 0x35, 0x39, 0x33, 0x37, 0x35, 0x29, 0x3b, 0x0a, 0x20,
    0x20, 0x20, 0x20, 0x20, 0x20, 0x20, 0x20, 0x61, 0x20, 0x2a, 0x3d, 0x20, 0x30, 0x2e, 0x35, 0x3b, 0x0a, 0x20, 0x20,
    0x20, 0x20, 0x7d, 0x0a, 0x20, 0x20, 0x20, 0x20, 0x72, 0x65, 0x74, 0x75, 0x72, 0x6e, 0x20, 0x73, 0x3b, 0x0a, 0x7d,
    0x0a, 0x0a, 0x76, 0x6f, 0x69, 0x64, 0x20, 0x6d, 0x61, 0x69, 0x6e, 0x28, 0x29, 0x0a, 0x7b, 0x0a, 0x20, 0x20, 0x20,
    0x20, 0x68, 0x69, 0x67, 0x68, 0x70, 0x20, 0x76, 0x65, 0x63, 0x33, 0x20, 0x5f, 0x33, 0x30, 0x32, 0x20, 0x3d, 0x20,
    0x6e, 0x6f, 0x72, 0x6d, 0x61, 0x6c, 0x69, 0x7a, 0x65, 0x28, 0x72, 0x61, 0x79, 0x29, 0x3b, 0x0a, 0x20, 0x20, 0x20,
    0x20, 0x68, 0x69, 0x67, 0x68, 0x70, 0x20, 0x76, 0x65, 0x63, 0x33, 0x20, 0x70, 0x61, 0x72, 0x61, 0x6d, 0x20, 0x3d,
    0x20, 0x5f, 0x33, 0x30, 0x32, 0x3b, 0x0a, 0x20, 0x20, 0x20, 0x20, 0x68, 0x69, 0x67, 0x68, 0x70, 0x20, 0x66, 0x6c,
    0x6f, 0x61, 0x74, 0x20, 0x70, 0x61, 0x72, 0x61, 0x6d, 0x5f, 0x31, 0x20, 0x3d, 0x20, 0x39, 0x30, 0x2e, 0x30, 0x3b,
    0x0a, 0x20, 0x20, 0x20, 0x20, 0x68, 0x69, 0x67, 0x68, 0x70, 0x20, 0x66, 0x6c, 0x6f, 0x61, 0x74, 0x20, 0x70, 0x61,
    0x72, 0x61, 0x6d, 0x5f, 0x32, 0x20, 0x3d, 0x20, 0x31, 0x2e, 0x36, 0x30, 0x30, 0x30, 0x30, 0x30, 0x30, 0x32, 0x33,
    0x38, 0x34, 0x31, 0x38, 0x35, 0x37, 0x39, 0x31, 0x30, 0x31, 0x35, 0x36, 0x32, 0x35, 0x3b, 0x0a, 0x20, 0x20, 0x20,
    0x20, 0x68, 0x69, 0x67, 0x68, 0x70, 0x20, 0x76, 0x65, 0x63, 0x33, 0x20, 0x70, 0x61, 0x72, 0x61, 0x6d, 0x5f, 0x33,
    0x20, 0x3d, 0x20, 0x5f, 0x33, 0x30, 0x32, 0x3b, 0x0a, 0x20, 0x20, 0x20, 0x20, 0x68, 0x69, 0x67, 0x68, 0x70, 0x20,
    0x66, 0x6c, 0x6f, 0x61, 0x74, 0x20, 0x70, 0x61, 0x72, 0x61, 0x6d, 0x5f, 0x34, 0x20, 0x3d, 0x20, 0x31, 0x36, 0x30,
    0x2e, 0x30, 0x3b, 0x0a, 0x20, 0x20, 0x20, 0x20, 0x68, 0x69, 0x67, 0x68, 0x70, 0x20, 0x66, 0x6c, 0x6f, 0x61, 0x74,
    0x20, 0x70, 0x61, 0x72, 0x61, 0x6d, 0x5f, 0x35, 0x20, 0x3d, 0x20, 0x31, 0x2e, 0x31, 0x30, 0x30, 0x30, 0x30, 0x30,
    0x30, 0x32, 0x33, 0x38, 0x34, 0x31, 0x38, 0x35, 0x37, 0x39, 0x31, 0x30, 0x31, 0x35, 0x36, 0x32, 0x35, 0x3b, 0x0a,
    0x20, 0x20, 0x20, 0x20, 0x68, 0x69, 0x67, 0x68, 0x70, 0x20, 0x76, 0x65, 0x63, 0x33, 0x20, 0x70, 0x61, 0x72, 0x61,
    0x6d, 0x5f, 0x36, 0x20, 0x3d, 0x20, 0x5f, 0x33, 0x30, 0x32, 0x3b, 0x0a, 0x20, 0x20, 0x20, 0x20, 0x68, 0x69, 0x67,
    0x68, 0x70, 0x20, 0x66, 0x6c, 0x6f, 0x61, 0x74, 0x20, 0x70, 0x61, 0x72, 0x61, 0x6d, 0x5f, 0x37, 0x20, 0x3d, 0x20,
    0x33, 0x30, 0x30, 0x2e, 0x30, 0x3b, 0x0a, 0x20, 0x20, 0x20, 0x20, 0x68, 0x69, 0x67, 0x68, 0x70, 0x20, 0x66, 0x6c,
    0x6f, 0x61, 0x74, 0x20, 0x70, 0x61, 0x72, 0x61, 0x6d, 0x5f, 0x38, 0x20, 0x3d, 0x20, 0x30, 0x2e, 0x38, 0x30, 0x30,
    0x30, 0x30, 0x30, 0x30, 0x31, 0x31, 0x39, 0x32, 0x30, 0x39, 0x32, 0x38, 0x39, 0x35, 0x35, 0x30, 0x37, 0x38, 0x31,
    0x32, 0x35, 0x3b, 0x0a, 0x20, 0x20, 0x20, 0x20, 0x68, 0x69, 0x67, 0x68, 0x70, 0x20, 0x66, 0x6c, 0x6f, 0x61, 0x74,
    0x20, 0x5f, 0x33, 0x33, 0x33, 0x20, 0x3d, 0x20, 0x64, 0x6f, 0x74, 0x28, 0x5f, 0x33, 0x30, 0x32, 0x2c, 0x20, 0x73,
    0x6b, 0x79, 0x5f, 0x66, 0x73, 0x5f, 0x70, 0x61, 0x72, 0x61, 0x6d, 0x73, 0x5b, 0x30, 0x5d, 0x2e, 0x78, 0x79, 0x7a,
    0x29, 0x3b, 0x0a, 0x20, 0x20, 0x20, 0x20, 0x68, 0x69, 0x67, 0x68, 0x70, 0x20, 0x66, 0x6c, 0x6f, 0x61, 0x74, 0x20,
    0x5f, 0x33, 0x35, 0x32, 0x20, 0x3d, 0x20, 0x6d, 0x61, 0x78, 0x28, 0x5f, 0x33, 0x33, 0x33, 0x2c, 0x20, 0x30, 0x2e,
    0x30, 0x29, 0x3b, 0x0a, 0x20, 0x20, 0x20, 0x20, 0x68, 0x69, 0x67, 0x68, 0x70, 0x20, 0x76, 0x65, 0x63, 0x33, 0x20,
    0x63, 0x20, 0x3d, 0x20, 0x28, 0x28, 0x73, 0x74, 0x61, 0x72, 0x5f, 0x67, 0x72, 0x69, 0x64, 0x28, 0x70, 0x61, 0x72,
    0x61, 0x6d, 0x2c, 0x20, 0x70, 0x61, 0x72, 0x61, 0x6d, 0x5f, 0x31, 0x2c, 0x20, 0x70, 0x61, 0x72, 0x61, 0x6d, 0x5f,
    0x32, 0x29, 0x20, 0x2b, 0x20, 0x73, 0x74, 0x61, 0x72, 0x5f, 0x67, 0x72, 0x69, 0x64, 0x28, 0x70, 0x61, 0x72, 0x61,
    0x6d, 0x5f, 0x33, 0x2c, 0x20, 0x70, 0x61, 0x72, 0x61, 0x6d, 0x5f, 0x34, 0x2c, 0x20, 0x70, 0x61, 0x72, 0x61, 0x6d,
    0x5f, 0x35, 0x29, 0x29, 0x20, 0x2b, 0x20, 0x73, 0x74, 0x61, 0x72, 0x5f, 0x67, 0x72, 0x69, 0x64, 0x28, 0x70, 0x61,
    0x72, 0x61, 0x6d, 0x5f, 0x36, 0x2c, 0x20, 0x70, 0x61, 0x72, 0x61, 0x6d, 0x5f, 0x37, 0x2c, 0x20, 0x70, 0x61, 0x72,
    0x61, 0x6d, 0x5f, 0x38, 0x29, 0x29, 0x20, 0x2b, 0x20, 0x28, 0x73, 0x6b, 0x79, 0x5f, 0x66, 0x73, 0x5f, 0x70, 0x61,
    0x72, 0x61, 0x6d, 0x73, 0x5b, 0x31, 0x5d, 0x2e, 0x78, 0x79, 0x7a, 0x20, 0x2a, 0x20, 0x28, 0x28, 0x28, 0x73, 0x6d,
    0x6f, 0x6f, 0x74, 0x68, 0x73, 0x74, 0x65, 0x70, 0x28, 0x73, 0x6b, 0x79, 0x5f, 0x66, 0x73, 0x5f, 0x70, 0x61, 0x72,
    0x61, 0x6d, 0x73, 0x5b, 0x30, 0x5d, 0x2e, 0x77, 0x20, 0x2d, 0x20, 0x31, 0x2e, 0x39, 0x39, 0x39, 0x39, 0x39, 0x39,
    0x39, 0x34, 0x39, 0x34, 0x37, 0x35, 0x37, 0x35, 0x30, 0x33, 0x32, 0x37, 0x31, 0x31, 0x30, 0x32, 0x39, 0x30, 0x35,
    0x32, 0x37, 0x33, 0x34, 0x33, 0x38, 0x65, 0x2d, 0x30, 0x35, 0x2c, 0x20, 0x73, 0x6b, 0x79, 0x5f, 0x66, 0x73, 0x5f,
    0x70, 0x61, 0x72, 0x61, 0x6d, 0x73, 0x5b, 0x30, 0x5d, 0x2e, 0x77, 0x20, 0x2b, 0x20, 0x31, 0x2e, 0x39, 0x39, 0x39,
    0x39, 0x39, 0x39, 0x39, 0x34, 0x39, 0x34, 0x37, 0x35, 0x37, 0x35, 0x30, 0x33, 0x32, 0x37, 0x31, 0x31, 0x30, 0x32,
    0x39, 0x30, 0x35, 0x32, 0x37, 0x33, 0x34, 0x33, 0x38, 0x65, 0x2d, 0x30, 0x35, 0x2c, 0x20, 0x5f, 0x33, 0x33, 0x33,
    0x29, 0x20, 0x2a, 0x20, 0x38, 0x2e, 0x30, 0x29, 0x20, 0x2b, 0x20, 0x28, 0x73, 0x6b, 0x79, 0x5f, 0x66, 0x73, 0x5f,
    0x70, 0x61, 0x72, 0x61, 0x6d, 0x73, 0x5b, 0x31, 0x5d, 0x2e, 0x77, 0x20, 0x2a, 0x20, 0x70, 0x6f, 0x77, 0x28, 0x5f,
    0x33, 0x35, 0x32, 0x2c, 0x20, 0x34, 0x30, 0x30, 0x2e, 0x30, 0x29, 0x29, 0x29, 0x20, 0x2b, 0x20, 0x28, 0x28, 0x30,
    0x2e, 0x30, 0x33, 0x39, 0x39, 0x39, 0x39, 0x39, 0x39, 0x39, 0x31, 0x30, 0x35, 0x39, 0x33, 0x30, 0x33, 0x32, 0x38,
    0x33, 0x36, 0x39, 0x31, 0x34, 0x30, 0x36, 0x32, 0x35, 0x20, 0x2a, 0x20, 0x73, 0x6b, 0x79, 0x5f, 0x66, 0x73, 0x5f,
    0x70, 0x61, 0x72, 0x61, 0x6d, 0x73, 0x5b, 0x31, 0x5d, 0x2e, 0x77, 0x29, 0x20, 0x2a, 0x20, 0x70, 0x6f, 0x77, 0x28,
    0x5f, 0x33, 0x35, 0x32, 0x2c, 0x20, 0x31, 0x32, 0x2e, 0x30, 0x29, 0x29, 0x29, 0x29, 0x3b, 0x0a, 0x20, 0x20, 0x20,
    0x20, 0x68, 0x69, 0x67, 0x68, 0x70, 0x20, 0x66, 0x6c, 0x6f, 0x61, 0x74, 0x20, 0x5f, 0x33, 0x38, 0x31, 0x20, 0x3d,
    0x20, 0x64, 0x6f, 0x74, 0x28, 0x5f, 0x33, 0x30, 0x32, 0x2c, 0x20, 0x73, 0x6b, 0x79, 0x5f, 0x66, 0x73, 0x5f, 0x70,
    0x61, 0x72, 0x61, 0x6d, 0x73, 0x5b, 0x32, 0x5d, 0x2e, 0x78, 0x79, 0x7a, 0x29, 0x3b, 0x0a, 0x20, 0x20, 0x20, 0x20,
    0x68, 0x69, 0x67, 0x68, 0x70, 0x20, 0x66, 0x6c, 0x6f, 0x61, 0x74, 0x20, 0x5f, 0x33, 0x38, 0x35, 0x20, 0x3d, 0x20,
    0x5f, 0x33, 0x38, 0x31, 0x20, 0x2a, 0x20, 0x5f, 0x33, 0x38, 0x31, 0x3b, 0x0a, 0x20, 0x20, 0x20, 0x20, 0x68, 0x69,
    0x67, 0x68, 0x70, 0x20, 0x66, 0x6c, 0x6f, 0x61, 0x74, 0x20, 0x5f, 0x33, 0x39, 0x30, 0x20, 0x3d, 0x20, 0x5f, 0x33,
    0x38, 0x35, 0x20, 0x2d, 0x20, 0x28, 0x31, 0x2e, 0x30, 0x20, 0x2d, 0x20, 0x28, 0x73, 0x6b, 0x79, 0x5f, 0x66, 0x73,
    0x5f, 0x70, 0x61, 0x72, 0x61, 0x6d, 0x73, 0x5b, 0x32, 0x5d, 0x2e, 0x77, 0x20, 0x2a, 0x20, 0x73, 0x6b, 0x79, 0x5f,
    0x66, 0x73, 0x5f, 0x70, 0x61, 0x72, 0x61, 0x6d, 0x73, 0x5b, 0x32, 0x5d, 0x2e, 0x77, 0x29, 0x29, 0x3b, 0x0a, 0x20,
    0x20, 0x20, 0x20, 0x68, 0x69, 0x67, 0x68, 0x70, 0x20, 0x66, 0x6c, 0x6f, 0x61, 0x74, 0x20, 0x5f, 0x34, 0x30, 0x36,
    0x20, 0x3d, 0x20, 0x73, 0x71, 0x72, 0x74, 0x28, 0x6d, 0x61, 0x78, 0x28, 0x31, 0x2e, 0x30, 0x20, 0x2d, 0x20, 0x5f,
    0x33, 0x38, 0x35, 0x2c, 0x20, 0x30, 0x2e, 0x30, 0x29, 0x29, 0x20, 0x2f, 0x20, 0x73, 0x6b, 0x79, 0x5f, 0x66, 0x73,
    0x5f, 0x70, 0x61, 0x72, 0x61, 0x6d, 0x73, 0x5b, 0x32, 0x5d, 0x2e, 0x77, 0x3b, 0x0a, 0x20, 0x20, 0x20, 0x20, 0x62,
    0x6f, 0x6f, 0x6c, 0x20, 0x5f, 0x34, 0x31, 0x34, 0x20, 0x3d, 0x20, 0x5f, 0x33, 0x38, 0x31, 0x20, 0x3e, 0x20, 0x30,
    0x2e, 0x30, 0x3b, 0x0a, 0x20, 0x20, 0x20, 0x20, 0x69, 0x66, 0x20, 0x28, 0x28, 0x5f, 0x33, 0x39, 0x30, 0x20, 0x3e,
    0x20, 0x30, 0x2e, 0x30, 0x29, 0x20, 0x26, 0x26, 0x20, 0x5f, 0x34, 0x31, 0x34, 0x29, 0x0a, 0x20, 0x20, 0x20, 0x20,
    0x7b, 0x0a, 0x20, 0x20, 0x20, 0x20, 0x20, 0x20, 0x20, 0x20, 0x68, 0x69, 0x67, 0x68, 0x70, 0x20, 0x76, 0x65, 0x63,
    0x33, 0x20, 0x5f, 0x34, 0x32, 0x39, 0x20, 0x3d, 0x20, 0x6e, 0x6f, 0x72, 0x6d, 0x61, 0x6c, 0x69, 0x7a, 0x65, 0x28,
    0x28, 0x5f, 0x33, 0x30, 0x32, 0x20, 0x2a, 0x20, 0x28, 0x5f, 0x33, 0x38, 0x31, 0x20, 0x2d, 0x20, 0x73, 0x71, 0x72,
    0x74, 0x28, 0x5f, 0x33, 0x39, 0x30, 0x29, 0x29, 0x29, 0x20, 0x2d, 0x20, 0x73, 0x6b, 0x79, 0x5f, 0x66, 0x73, 0x5f,
    0x70, 0x61, 0x72, 0x61, 0x6d, 0x73, 0x5b, 0x32, 0x5d, 0x2e, 0x78, 0x79, 0x7a, 0x29, 0x3b, 0x0a, 0x20, 0x20, 0x20,
    0x20, 0x20, 0x20, 0x20, 0x20, 0x68, 0x69, 0x67, 0x68, 0x70, 0x20, 0x66, 0x6c, 0x6f, 0x61, 0x74, 0x20, 0x5f, 0x34,
    0x33, 0x33, 0x20, 0x3d, 0x20, 0x64, 0x6f, 0x74, 0x28, 0x5f, 0x34, 0x32, 0x39, 0x2c, 0x20, 0x73, 0x6b, 0x79, 0x5f,
    0x66, 0x73, 0x5f, 0x70, 0x61, 0x72, 0x61, 0x6d, 0x73, 0x5b, 0x30, 0x5d, 0x2e, 0x78, 0x79, 0x7a, 0x29, 0x3b, 0x0a,
    0x20, 0x20, 0x20, 0x20, 0x20, 0x20, 0x20, 0x20, 0x68, 0x69, 0x67, 0x68, 0x70, 0x20, 0x66, 0x6c, 0x6f, 0x61, 0x74,
    0x20, 0x5f, 0x34, 0x34, 0x30, 0x20, 0x3d, 0x20, 0x28, 0x30, 0x2e, 0x35, 0x20, 0x2d, 0x20, 0x73, 0x6b, 0x79, 0x5f,
    0x66, 0x73, 0x5f, 0x70, 0x61, 0x72, 0x61, 0x6d, 0x73, 0x5b, 0x33, 0x5d, 0x2e, 0x77, 0x29, 0x20, 0x2a, 0x20, 0x30,
    0x2e, 0x33, 0x34, 0x39, 0x39, 0x39, 0x39, 0x39, 0x39, 0x34, 0x30, 0x33, 0x39, 0x35, 0x33, 0x35, 0x35, 0x32, 0x32,
    0x34, 0x36, 0x30, 0x39, 0x33, 0x37, 0x35, 0x3b, 0x0a, 0x20, 0x20, 0x20, 0x20, 0x20, 0x20, 0x20, 0x20, 0x68, 0x69,
    0x67, 0x68, 0x70, 0x20, 0x76, 0x65, 0x63, 0x33, 0x20, 0x70, 0x61, 0x72, 0x61, 0x6d, 0x5f, 0x39, 0x20, 0x3d, 0x20,
    0x28, 0x5f, 0x34, 0x32, 0x39, 0x20, 0x2a, 0x20, 0x33, 0x2e, 0x30, 0x29, 0x20, 0x2b, 0x20, 0x76, 0x65, 0x63, 0x33,
    0x28, 0x34, 0x2e, 0x30, 0x29, 0x3b, 0x0a, 0x20, 0x20, 0x20, 0x20, 0x20, 0x20, 0x20, 0x20, 0x68, 0x69, 0x67, 0x68,
    0x70, 0x20, 0x66, 0x6c, 0x6f, 0x61, 0x74, 0x20, 0x5f, 0x34, 0x35, 0x34, 0x20, 0x3d, 0x20, 0x66, 0x62, 0x6d, 0x28,
    0x70, 0x61, 0x72, 0x61, 0x6d, 0x5f, 0x39, 0x29, 0x3b, 0x0a, 0x20, 0x20, 0x20, 0x20, 0x20, 0x20, 0x20, 0x20, 0x68,
    0x69, 0x67, 0x68, 0x70, 0x20, 0x76, 0x65, 0x63, 0x33, 0x20, 0x70, 0x61, 0x72, 0x61, 0x6d, 0x5f, 0x31, 0x30, 0x20,
    0x3d, 0x20, 0x5f, 0x34, 0x32, 0x39, 0x20, 0x2a, 0x20, 0x34, 0x2e, 0x30, 0x3b, 0x0a, 0x20, 0x20, 0x20, 0x20, 0x20,
    0x20, 0x20, 0x20, 0x68, 0x69, 0x67, 0x68, 0x70, 0x20, 0x66, 0x6c, 0x6f, 0x61, 0x74, 0x20, 0x5f, 0x34, 0x38, 0x32,
    0x20, 0x3d, 0x20, 0x66, 0x62, 0x6d, 0x28, 0x70, 0x61, 0x72, 0x61, 0x6d, 0x5f, 0x31, 0x30, 0x29, 0x3b, 0x0a, 0x20,
    0x20, 0x20, 0x20, 0x20, 0x20, 0x20, 0x20, 0x68, 0x69, 0x67, 0x68, 0x70, 0x20, 0x76, 0x65, 0x63, 0x33, 0x20, 0x70,
    0x61, 0x72, 0x61, 0x6d, 0x5f, 0x31, 0x31, 0x20, 0x3d, 0x20, 0x76, 0x65, 0x63, 0x33, 0x28, 0x5f, 0x34, 0x32, 0x39,
    0x2e, 0x78, 0x20, 0x2a, 0x20, 0x32, 0x2e, 0x35, 0x2c, 0x20, 0x5f, 0x34, 0x32, 0x39, 0x2e, 0x79, 0x20, 0x2a, 0x20,
    0x37, 0x2e, 0x30, 0x2c, 0x20, 0x5f, 0x34, 0x32, 0x39, 0x2e, 0x7a, 0x20, 0x2a, 0x20, 0x32, 0x2e, 0x35, 0x29, 0x20,
    0x2b, 0x20, 0x76, 0x65, 0x63, 0x33, 0x28, 0x5f, 0x34, 0x38, 0x32, 0x20, 0x2a, 0x20, 0x31, 0x2e, 0x35, 0x29, 0x3b,
    0x0a, 0x20, 0x20, 0x20, 0x20, 0x20, 0x20, 0x20, 0x20, 0x68, 0x69, 0x67, 0x68, 0x70, 0x20, 0x66, 0x6c, 0x6f, 0x61,
    0x74, 0x20, 0x5f, 0x34, 0x38, 0x38, 0x20, 0x3d, 0x20, 0x66, 0x62, 0x6d, 0x28, 0x70, 0x61, 0x72, 0x61, 0x6d, 0x5f,
    0x31, 0x31, 0x29, 0x3b, 0x0a, 0x20, 0x20, 0x20, 0x20, 0x20, 0x20, 0x20, 0x20, 0x68, 0x69, 0x67, 0x68, 0x70, 0x20,
    0x66, 0x6c, 0x6f, 0x61, 0x74, 0x20, 0x5f, 0x34, 0x39, 0x33, 0x20, 0x3d, 0x20, 0x28, 0x30, 0x2e, 0x35, 0x20, 0x2d,
    0x20, 0x73, 0x6b, 0x79, 0x5f, 0x66, 0x73, 0x5f, 0x70, 0x61, 0x72, 0x61, 0x6d, 0x73, 0x5b, 0x34, 0x5d, 0x2e, 0x77,
    0x29, 0x20, 0x2a, 0x20, 0x30, 0x2e, 0x33, 0x34, 0x39, 0x39, 0x39, 0x39, 0x39, 0x39, 0x34, 0x30, 0x33, 0x39, 0x35,
    0x33, 0x35, 0x35, 0x32, 0x32, 0x34, 0x36, 0x30, 0x39, 0x33, 0x37, 0x35, 0x3b, 0x0a, 0x20, 0x20, 0x20, 0x20, 0x20,
    0x20, 0x20, 0x20, 0x68, 0x69, 0x67, 0x68, 0x70, 0x20, 0x76, 0x65, 0x63, 0x33, 0x20, 0x5f, 0x35, 0x31, 0x32, 0x20,
    0x3d, 0x20, 0x6d, 0x69, 0x78, 0x28, 0x6d, 0x69, 0x78, 0x28, 0x73, 0x6b, 0x79, 0x5f, 0x66, 0x73, 0x5f, 0x70, 0x61,
    0x72, 0x61, 0x6d, 0x73, 0x5b, 0x33, 0x5d, 0x2e, 0x78, 0x79, 0x7a, 0x2c, 0x20, 0x73, 0x6b, 0x79, 0x5f, 0x66, 0x73,
    0x5f, 0x70, 0x61, 0x72, 0x61, 0x6d, 0x73, 0x5b, 0x34, 0x5d, 0x2e, 0x78, 0x79, 0x7a, 0x2c, 0x20, 0x76, 0x65, 0x63,
    0x33, 0x28, 0x73, 0x6d, 0x6f, 0x6f, 0x74, 0x68, 0x73, 0x74, 0x65, 0x70, 0x28, 0x5f, 0x34, 0x34, 0x30, 0x20, 0x2b,
    0x20, 0x30, 0x2e, 0x34, 0x38, 0x35, 0x30, 0x30, 0x30, 0x30, 0x31, 0x34, 0x33, 0x30, 0x35, 0x31, 0x31, 0x34, 0x37,
    0x34, 0x36, 0x30, 0x39, 0x33, 0x37, 0x35, 0x2c, 0x20, 0x5f, 0x34, 0x34, 0x30, 0x20, 0x2b, 0x20, 0x30, 0x2e, 0x35,
    0x31, 0x34, 0x39, 0x39, 0x39, 0x39, 0x38, 0x35, 0x36, 0x39, 0x34, 0x38, 0x38, 0x35, 0x32, 0x35, 0x33, 0x39, 0x30,
    0x36, 0x32, 0x35, 0x2c, 0x20, 0x5f, 0x34, 0x35, 0x34, 0x29, 0x29, 0x29, 0x2c, 0x20, 0x73, 0x6b, 0x79, 0x5f, 0x66,
    0x73, 0x5f, 0x70, 0x61, 0x72, 0x61, 0x6d, 0x73, 0x5b, 0x35, 0x5d, 0x2e, 0x78, 0x79, 0x7a, 0x2c, 0x20, 0x76, 0x65,
    0x63, 0x33, 0x28, 0x73, 0x6d, 0x6f, 0x6f, 0x74, 0x68, 0x73, 0x74, 0x65, 0x70, 0x28, 0x5f, 0x34, 0x39, 0x33, 0x20,
    0x2b, 0x20, 0x30, 0x2e, 0x34, 0x33, 0x39, 0x39, 0x39, 0x39, 0x39, 0x39, 0x37, 0x36, 0x31, 0x35, 0x38, 0x31, 0x34,
    0x32, 0x30, 0x38, 0x39, 0x38, 0x34, 0x33, 0x37, 0x35, 0x2c, 0x20, 0x5f, 0x34, 0x39, 0x33, 0x20, 0x2b, 0x20, 0x30,
    0x2e, 0x36, 0x30, 0x30, 0x30, 0x30, 0x30, 0x30, 0x32, 0x33, 0x38, 0x34, 0x31, 0x38, 0x35, 0x37, 0x39, 0x31, 0x30,
    0x31, 0x35, 0x36, 0x32, 0x35, 0x2c, 0x20, 0x5f, 0x34, 0x38, 0x38, 0x20, 0x2a, 0x20, 0x30, 0x2e, 0x37, 0x35, 0x29,
    0x29, 0x29, 0x3b, 0x0a, 0x20, 0x20, 0x20, 0x20, 0x20, 0x20, 0x20, 0x20, 0x68, 0x69, 0x67, 0x68, 0x70, 0x20, 0x66,
    0x6c, 0x6f, 0x61, 0x74, 0x20, 0x5f, 0x35, 0x31, 0x37, 0x20, 0x3d, 0x20, 0x73, 0x6d, 0x6f, 0x6f, 0x74, 0x68, 0x73,
    0x74, 0x65, 0x70, 0x28, 0x2d, 0x30, 0x2e, 0x30, 0x37, 0x39, 0x39, 0x39, 0x39, 0x39, 0x39, 0x38, 0x32, 0x31, 0x31,
    0x38, 0x36, 0x30, 0x36, 0x35, 0x36, 0x37, 0x33, 0x38, 0x32, 0x38, 0x31, 0x32, 0x35, 0x2c, 0x20, 0x30, 0x2e, 0x32,
    0x35, 0x2c, 0x20, 0x5f, 0x34, 0x33, 0x33, 0x29, 0x3b, 0x0a, 0x20, 0x20, 0x20, 0x20, 0x20, 0x20, 0x20, 0x20, 0x63,
    0x20, 0x3d, 0x20, 0x28, 0x28, 0x28, 0x28, 0x5f, 0x35, 0x31, 0x32, 0x20, 0x2a, 0x20, 0x73, 0x6b, 0x79, 0x5f, 0x66,
    0x73, 0x5f, 0x70, 0x61, 0x72, 0x61, 0x6d, 0x73, 0x5b, 0x31, 0x5d, 0x2e, 0x78, 0x79, 0x7a, 0x29, 0x20, 0x2a, 0x20,
    0x6d, 0x61, 0x78, 0x28, 0x5f, 0x34, 0x33, 0x33, 0x2c, 0x20, 0x30, 0x2e, 0x30, 0x29, 0x29, 0x20, 0x2a, 0x20, 0x31,
    0x2e, 0x31, 0x30, 0x30, 0x30, 0x30, 0x30, 0x30, 0x32, 0x33, 0x38, 0x34, 0x31, 0x38, 0x35, 0x37, 0x39, 0x31, 0x30,
    0x31, 0x35, 0x36, 0x32, 0x35, 0x29, 0x20, 0x2b, 0x20, 0x28, 0x28, 0x5f, 0x35, 0x31, 0x32, 0x20, 0x2a, 0x20, 0x73,
    0x6b, 0x79, 0x5f, 0x66, 0x73, 0x5f, 0x70, 0x61, 0x72, 0x61, 0x6d, 0x73, 0x5b, 0x35, 0x5d, 0x2e, 0x77, 0x29, 0x20,
    0x2a, 0x20, 0x28, 0x31, 0x2e, 0x30, 0x20, 0x2d, 0x20, 0x5f, 0x35, 0x31, 0x37, 0x29, 0x29, 0x29, 0x20, 0x2b, 0x20,
    0x28, 0x28, 0x28, 0x73, 0x6b, 0x79, 0x5f, 0x66, 0x73, 0x5f, 0x70, 0x61, 0x72, 0x61, 0x6d, 0x73, 0x5b, 0x36, 0x5d,
    0x2e, 0x78, 0x79, 0x7a, 0x20, 0x2a, 0x20, 0x70, 0x6f, 0x77, 0x28, 0x31, 0x2e, 0x30, 0x20, 0x2d, 0x20, 0x6d, 0x61,
    0x78, 0x28, 0x64, 0x6f, 0x74, 0x28, 0x5f, 0x34, 0x32, 0x39, 0x2c, 0x20, 0x2d, 0x5f, 0x33, 0x30, 0x32, 0x29, 0x2c,
    0x20, 0x30, 0x2e, 0x30, 0x29, 0x2c, 0x20, 0x33, 0x2e, 0x30, 0x29, 0x29, 0x20, 0x2a, 0x20, 0x5f, 0x35, 0x31, 0x37,
    0x29, 0x20, 0x2a, 0x20, 0x30, 0x2e, 0x38, 0x30, 0x30, 0x30, 0x30, 0x30, 0x30, 0x31, 0x31, 0x39, 0x32, 0x30, 0x39,
    0x32, 0x38, 0x39, 0x35, 0x35, 0x30, 0x37, 0x38, 0x31, 0x32, 0x35, 0x29, 0x3b, 0x0a, 0x20, 0x20, 0x20, 0x20, 0x7d,
    0x0a, 0x20, 0x20, 0x20, 0x20, 0x65, 0x6c, 0x73, 0x65, 0x0a, 0x20, 0x20, 0x20, 0x20, 0x7b, 0x0a, 0x20, 0x20, 0x20,
    0x20, 0x20, 0x20, 0x20, 0x20, 0x62, 0x6f, 0x6f, 0x6c, 0x20, 0x5f, 0x35, 0x36, 0x36, 0x3b, 0x0a, 0x20, 0x20, 0x20,
    0x20, 0x20, 0x20, 0x20, 0x20, 0x69, 0x66, 0x20, 0x28, 0x5f, 0x34, 0x31, 0x34, 0x29, 0x0a, 0x20, 0x20, 0x20, 0x20,
    0x20, 0x20, 0x20, 0x20, 0x7b, 0x0a, 0x20, 0x20, 0x20, 0x20, 0x20, 0x20, 0x20, 0x20, 0x20, 0x20, 0x20, 0x20, 0x5f,
    0x35, 0x36, 0x36, 0x20, 0x3d, 0x20, 0x5f, 0x34, 0x30, 0x36, 0x20, 0x3c, 0x20, 0x28, 0x31, 0x2e, 0x30, 0x20, 0x2b,
    0x20, 0x28, 0x73, 0x6b, 0x79, 0x5f, 0x66, 0x73, 0x5f, 0x70, 0x61, 0x72, 0x61, 0x6d, 0x73, 0x5b, 0x36, 0x5d, 0x2e,
    0x77, 0x20, 0x2a, 0x20, 0x33, 0x2e, 0x30, 0x29, 0x29, 0x3b, 0x0a, 0x20, 0x20, 0x20, 0x20, 0x20, 0x20, 0x20, 0x20,
    0x7d, 0x0a, 0x20, 0x20, 0x20, 0x20, 0x20, 0x20, 0x20, 0x20, 0x65, 0x6c, 0x73, 0x65, 0x0a, 0x20, 0x20, 0x20, 0x20,
    0x20, 0x20, 0x20, 0x20, 0x7b, 0x0a, 0x20, 0x20, 0x20, 0x20, 0x20, 0x20, 0x20, 0x20, 0x20, 0x20, 0x20, 0x20, 0x5f,
    0x35, 0x36, 0x36, 0x20, 0x3d, 0x20, 0x5f, 0x34, 0x31, 0x34, 0x3b, 0x0a, 0x20, 0x20, 0x20, 0x20, 0x20, 0x20, 0x20,
    0x20, 0x7d, 0x0a, 0x20, 0x20, 0x20, 0x20, 0x20, 0x20, 0x20, 0x20, 0x69, 0x66, 0x20, 0x28, 0x5f, 0x35, 0x36, 0x36,
    0x29, 0x0a, 0x20, 0x20, 0x20, 0x20, 0x20, 0x20, 0x20, 0x20, 0x7b, 0x0a, 0x20, 0x20, 0x20, 0x20, 0x20, 0x20, 0x20,
    0x20, 0x20, 0x20, 0x20, 0x20, 0x63, 0x20, 0x2b, 0x3d, 0x20, 0x28, 0x28, 0x28, 0x73, 0x6b, 0x79, 0x5f, 0x66, 0x73,
    0x5f, 0x70, 0x61, 0x72, 0x61, 0x6d, 0x73, 0x5b, 0x36, 0x5d, 0x2e, 0x78, 0x79, 0x7a, 0x20, 0x2a, 0x20, 0x65, 0x78,
    0x70, 0x28, 0x28, 0x31, 0x2e, 0x30, 0x20, 0x2d, 0x20, 0x5f, 0x34, 0x30, 0x36, 0x29, 0x20, 0x2f, 0x20, 0x6d, 0x61,
    0x78, 0x28, 0x73, 0x6b, 0x79, 0x5f, 0x66, 0x73, 0x5f, 0x70, 0x61, 0x72, 0x61, 0x6d, 0x73, 0x5b, 0x36, 0x5d, 0x2e,
    0x77, 0x2c, 0x20, 0x39, 0x2e, 0x39, 0x39, 0x39, 0x39, 0x39, 0x39, 0x37, 0x34, 0x37, 0x33, 0x37, 0x38, 0x37, 0x35,
    0x31, 0x36, 0x33, 0x35, 0x35, 0x35, 0x31, 0x34, 0x35, 0x32, 0x36, 0x33, 0x36, 0x37, 0x31, 0x38, 0x38, 0x65, 0x2d,
    0x30, 0x35, 0x29, 0x29, 0x29, 0x20, 0x2a, 0x20, 0x73, 0x6d, 0x6f, 0x6f, 0x74, 0x68, 0x73, 0x74, 0x65, 0x70, 0x28,
    0x2d, 0x30, 0x2e, 0x33, 0x30, 0x30, 0x30, 0x30, 0x30, 0x30, 0x31, 0x31, 0x39, 0x32, 0x30, 0x39, 0x32, 0x38, 0x39,
    0x35, 0x35, 0x30, 0x37, 0x38, 0x31, 0x32, 0x35, 0x2c, 0x20, 0x30, 0x2e, 0x33, 0x30, 0x30, 0x30, 0x30, 0x30, 0x30,
    0x31, 0x31, 0x39, 0x32, 0x30, 0x39, 0x32, 0x38, 0x39, 0x35, 0x35, 0x30, 0x37, 0x38, 0x31, 0x32, 0x35, 0x2c, 0x20,
    0x64, 0x6f, 0x74, 0x28, 0x6e, 0x6f, 0x72, 0x6d, 0x61, 0x6c, 0x69, 0x7a, 0x65, 0x28, 0x28, 0x5f, 0x33, 0x30, 0x32,
    0x20, 0x2a, 0x20, 0x5f, 0x33, 0x38, 0x31, 0x29, 0x20, 0x2d, 0x20, 0x73, 0x6b, 0x79, 0x5f, 0x66, 0x73, 0x5f, 0x70,
    0x61, 0x72, 0x61, 0x6d, 0x73, 0x5b, 0x32, 0x5d, 0x2e, 0x78, 0x79, 0x7a, 0x29, 0x2c, 0x20, 0x73, 0x6b, 0x79, 0x5f,
    0x66, 0x73, 0x5f, 0x70, 0x61, 0x72, 0x61, 0x6d, 0x73, 0x5b, 0x30, 0x5d, 0x2e, 0x78, 0x79, 0x7a, 0x29, 0x29, 0x29,
    0x20, 0x2a, 0x20, 0x30, 0x2e, 0x38, 0x39, 0x39, 0x39, 0x39, 0x39, 0x39, 0x37, 0x36, 0x31, 0x35, 0x38, 0x31, 0x34,
    0x32, 0x30, 0x38, 0x39, 0x38, 0x34, 0x33, 0x37, 0x35, 0x29, 0x3b, 0x0a, 0x20, 0x20, 0x20, 0x20, 0x20, 0x20, 0x20,
    0x20, 0x7d, 0x0a, 0x20, 0x20, 0x20, 0x20, 0x7d, 0x0a, 0x20, 0x20, 0x20, 0x20, 0x66, 0x72, 0x61, 0x67, 0x5f, 0x63,
    0x6f, 0x6c, 0x6f, 0x72, 0x20, 0x3d, 0x20, 0x76, 0x65, 0x63, 0x34, 0x28, 0x63, 0x2c, 0x20, 0x31, 0x2e, 0x30, 0x29,
    0x3b, 0x0a, 0x7d, 0x0a, 0x0a, 0x00,
];
/*
    #version 300 es

    uniform vec4 screen_vs_params[4];
    out vec2 uv;

    void main()
    {
        int _17;
        if (gl_VertexID < 3)
        {
            _17 = gl_VertexID;
        }
        else
        {
            int _24;
            if (gl_VertexID == 3)
            {
                _24 = 0;
            }
            else
            {
                _24 = gl_VertexID - 2;
            }
            _17 = _24;
        }
        float _46 = ((_17 == 1) || (_17 == 2)) ? 1.0 : (-1.0);
        float _49 = (_17 >= 2) ? 1.0 : (-1.0);
        uv = (vec2(_46, _49) * 0.5) + vec2(0.5);
        gl_Position = mat4(screen_vs_params[0], screen_vs_params[1], screen_vs_params[2], screen_vs_params[3]) * vec4(_46, _49, 0.0, 1.0);
    }

*/
pub const SCREEN_VS_SOURCE_GLSL300ES: [u8; 638] = [
    0x23, 0x76, 0x65, 0x72, 0x73, 0x69, 0x6f, 0x6e, 0x20, 0x33, 0x30, 0x30, 0x20, 0x65, 0x73, 0x0a, 0x0a, 0x75, 0x6e,
    0x69, 0x66, 0x6f, 0x72, 0x6d, 0x20, 0x76, 0x65, 0x63, 0x34, 0x20, 0x73, 0x63, 0x72, 0x65, 0x65, 0x6e, 0x5f, 0x76,
    0x73, 0x5f, 0x70, 0x61, 0x72, 0x61, 0x6d, 0x73, 0x5b, 0x34, 0x5d, 0x3b, 0x0a, 0x6f, 0x75, 0x74, 0x20, 0x76, 0x65,
    0x63, 0x32, 0x20, 0x75, 0x76, 0x3b, 0x0a, 0x0a, 0x76, 0x6f, 0x69, 0x64, 0x20, 0x6d, 0x61, 0x69, 0x6e, 0x28, 0x29,
    0x0a, 0x7b, 0x0a, 0x20, 0x20, 0x20, 0x20, 0x69, 0x6e, 0x74, 0x20, 0x5f, 0x31, 0x37, 0x3b, 0x0a, 0x20, 0x20, 0x20,
    0x20, 0x69, 0x66, 0x20, 0x28, 0x67, 0x6c, 0x5f, 0x56, 0x65, 0x72, 0x74, 0x65, 0x78, 0x49, 0x44, 0x20, 0x3c, 0x20,
    0x33, 0x29, 0x0a, 0x20, 0x20, 0x20, 0x20, 0x7b, 0x0a, 0x20, 0x20, 0x20, 0x20, 0x20, 0x20, 0x20, 0x20, 0x5f, 0x31,
    0x37, 0x20, 0x3d, 0x20, 0x67, 0x6c, 0x5f, 0x56, 0x65, 0x72, 0x74, 0x65, 0x78, 0x49, 0x44, 0x3b, 0x0a, 0x20, 0x20,
    0x20, 0x20, 0x7d, 0x0a, 0x20, 0x20, 0x20, 0x20, 0x65, 0x6c, 0x73, 0x65, 0x0a, 0x20, 0x20, 0x20, 0x20, 0x7b, 0x0a,
    0x20, 0x20, 0x20, 0x20, 0x20, 0x20, 0x20, 0x20, 0x69, 0x6e, 0x74, 0x20, 0x5f, 0x32, 0x34, 0x3b, 0x0a, 0x20, 0x20,
    0x20, 0x20, 0x20, 0x20, 0x20, 0x20, 0x69, 0x66, 0x20, 0x28, 0x67, 0x6c, 0x5f, 0x56, 0x65, 0x72, 0x74, 0x65, 0x78,
    0x49, 0x44, 0x20, 0x3d, 0x3d, 0x20, 0x33, 0x29, 0x0a, 0x20, 0x20, 0x20, 0x20, 0x20, 0x20, 0x20, 0x20, 0x7b, 0x0a,
    0x20, 0x20, 0x20, 0x20, 0x20, 0x20, 0x20, 0x20, 0x20, 0x20, 0x20, 0x20, 0x5f, 0x32, 0x34, 0x20, 0x3d, 0x20, 0x30,
    0x3b, 0x0a, 0x20, 0x20, 0x20, 0x20, 0x20, 0x20, 0x20, 0x20, 0x7d, 0x0a, 0x20, 0x20, 0x20, 0x20, 0x20, 0x20, 0x20,
    0x20, 0x65, 0x6c, 0x73, 0x65, 0x0a, 0x20, 0x20, 0x20, 0x20, 0x20, 0x20, 0x20, 0x20, 0x7b, 0x0a, 0x20, 0x20, 0x20,
    0x20, 0x20, 0x20, 0x20, 0x20, 0x20, 0x20, 0x20, 0x20, 0x5f, 0x32, 0x34, 0x20, 0x3d, 0x20, 0x67, 0x6c, 0x5f, 0x56,
    0x65, 0x72, 0x74, 0x65, 0x78, 0x49, 0x44, 0x20, 0x2d, 0x20, 0x32, 0x3b, 0x0a, 0x20, 0x20, 0x20, 0x20, 0x20, 0x20,
    0x20, 0x20, 0x7d, 0x0a, 0x20, 0x20, 0x20, 0x20, 0x20, 0x20, 0x20, 0x20, 0x5f, 0x31, 0x37, 0x20, 0x3d, 0x20, 0x5f,
    0x32, 0x34, 0x3b, 0x0a, 0x20, 0x20, 0x20, 0x20, 0x7d, 0x0a, 0x20, 0x20, 0x20, 0x20, 0x66, 0x6c, 0x6f, 0x61, 0x74,
    0x20, 0x5f, 0x34, 0x36, 0x20, 0x3d, 0x20, 0x28, 0x28, 0x5f, 0x31, 0x37, 0x20, 0x3d, 0x3d, 0x20, 0x31, 0x29, 0x20,
    0x7c, 0x7c, 0x20, 0x28, 0x5f, 0x31, 0x37, 0x20, 0x3d, 0x3d, 0x20, 0x32, 0x29, 0x29, 0x20, 0x3f, 0x20, 0x31, 0x2e,
    0x30, 0x20, 0x3a, 0x20, 0x28, 0x2d, 0x31, 0x2e, 0x30, 0x29, 0x3b, 0x0a, 0x20, 0x20, 0x20, 0x20, 0x66, 0x6c, 0x6f,
    0x61, 0x74, 0x20, 0x5f, 0x34, 0x39, 0x20, 0x3d, 0x20, 0x28, 0x5f, 0x31, 0x37, 0x20, 0x3e, 0x3d, 0x20, 0x32, 0x29,
    0x20, 0x3f, 0x20, 0x31, 0x2e, 0x30, 0x20, 0x3a, 0x20, 0x28, 0x2d, 0x31, 0x2e, 0x30, 0x29, 0x3b, 0x0a, 0x20, 0x20,
    0x20, 0x20, 0x75, 0x76, 0x20, 0x3d, 0x20, 0x28, 0x76, 0x65, 0x63, 0x32, 0x28, 0x5f, 0x34, 0x36, 0x2c, 0x20, 0x5f,
    0x34, 0x39, 0x29, 0x20, 0x2a, 0x20, 0x30, 0x2e, 0x35, 0x29, 0x20, 0x2b, 0x20, 0x76, 0x65, 0x63, 0x32, 0x28, 0x30,
    0x2e, 0x35, 0x29, 0x3b, 0x0a, 0x20, 0x20, 0x20, 0x20, 0x67, 0x6c, 0x5f, 0x50, 0x6f, 0x73, 0x69, 0x74, 0x69, 0x6f,
    0x6e, 0x20, 0x3d, 0x20, 0x6d, 0x61, 0x74, 0x34, 0x28, 0x73, 0x63, 0x72, 0x65, 0x65, 0x6e, 0x5f, 0x76, 0x73, 0x5f,
    0x70, 0x61, 0x72, 0x61, 0x6d, 0x73, 0x5b, 0x30, 0x5d, 0x2c, 0x20, 0x73, 0x63, 0x72, 0x65, 0x65, 0x6e, 0x5f, 0x76,
    0x73, 0x5f, 0x70, 0x61, 0x72, 0x61, 0x6d, 0x73, 0x5b, 0x31, 0x5d, 0x2c, 0x20, 0x73, 0x63, 0x72, 0x65, 0x65, 0x6e,
    0x5f, 0x76, 0x73, 0x5f, 0x70, 0x61, 0x72, 0x61, 0x6d, 0x73, 0x5b, 0x32, 0x5d, 0x2c, 0x20, 0x73, 0x63, 0x72, 0x65,
    0x65, 0x6e, 0x5f, 0x76, 0x73, 0x5f, 0x70, 0x61, 0x72, 0x61, 0x6d, 0x73, 0x5b, 0x33, 0x5d, 0x29, 0x20, 0x2a, 0x20,
    0x76, 0x65, 0x63, 0x34, 0x28, 0x5f, 0x34, 0x36, 0x2c, 0x20, 0x5f, 0x34, 0x39, 0x2c, 0x20, 0x30, 0x2e, 0x30, 0x2c,
    0x20, 0x31, 0x2e, 0x30, 0x29, 0x3b, 0x0a, 0x7d, 0x0a, 0x0a, 0x00,
];
/*
    #version 300 es
    precision mediump float;
    precision highp int;

    uniform highp vec4 screen_fs_params[1];
    uniform highp sampler2D tex_smp;

    in highp vec2 uv;
    layout(location = 0) out highp vec4 frag_color;

    void main()
    {
        highp vec2 _61 = min(uv, vec2(1.0) - uv);
        frag_color = vec4(((texture(tex_smp, uv).xyz * (1.0 - (screen_fs_params[0].x * (0.5 + (0.5 * sin((uv.y * screen_fs_params[0].y) * 3.1415927410125732421875)))))) * (0.60000002384185791015625 + (0.4000000059604644775390625 * smoothstep(0.0, 0.02999999932944774627685546875, min(_61.x, _61.y * 2.0))))) * screen_fs_params[0].z, 1.0);
    }

*/
pub const SCREEN_FS_SOURCE_GLSL300ES: [u8; 603] = [
    0x23, 0x76, 0x65, 0x72, 0x73, 0x69, 0x6f, 0x6e, 0x20, 0x33, 0x30, 0x30, 0x20, 0x65, 0x73, 0x0a, 0x70, 0x72, 0x65,
    0x63, 0x69, 0x73, 0x69, 0x6f, 0x6e, 0x20, 0x6d, 0x65, 0x64, 0x69, 0x75, 0x6d, 0x70, 0x20, 0x66, 0x6c, 0x6f, 0x61,
    0x74, 0x3b, 0x0a, 0x70, 0x72, 0x65, 0x63, 0x69, 0x73, 0x69, 0x6f, 0x6e, 0x20, 0x68, 0x69, 0x67, 0x68, 0x70, 0x20,
    0x69, 0x6e, 0x74, 0x3b, 0x0a, 0x0a, 0x75, 0x6e, 0x69, 0x66, 0x6f, 0x72, 0x6d, 0x20, 0x68, 0x69, 0x67, 0x68, 0x70,
    0x20, 0x76, 0x65, 0x63, 0x34, 0x20, 0x73, 0x63, 0x72, 0x65, 0x65, 0x6e, 0x5f, 0x66, 0x73, 0x5f, 0x70, 0x61, 0x72,
    0x61, 0x6d, 0x73, 0x5b, 0x31, 0x5d, 0x3b, 0x0a, 0x75, 0x6e, 0x69, 0x66, 0x6f, 0x72, 0x6d, 0x20, 0x68, 0x69, 0x67,
    0x68, 0x70, 0x20, 0x73, 0x61, 0x6d, 0x70, 0x6c, 0x65, 0x72, 0x32, 0x44, 0x20, 0x74, 0x65, 0x78, 0x5f, 0x73, 0x6d,
    0x70, 0x3b, 0x0a, 0x0a, 0x69, 0x6e, 0x20, 0x68, 0x69, 0x67, 0x68, 0x70, 0x20, 0x76, 0x65, 0x63, 0x32, 0x20, 0x75,
    0x76, 0x3b, 0x0a, 0x6c, 0x61, 0x79, 0x6f, 0x75, 0x74, 0x28, 0x6c, 0x6f, 0x63, 0x61, 0x74, 0x69, 0x6f, 0x6e, 0x20,
    0x3d, 0x20, 0x30, 0x29, 0x20, 0x6f, 0x75, 0x74, 0x20, 0x68, 0x69, 0x67, 0x68, 0x70, 0x20, 0x76, 0x65, 0x63, 0x34,
    0x20, 0x66, 0x72, 0x61, 0x67, 0x5f, 0x63, 0x6f, 0x6c, 0x6f, 0x72, 0x3b, 0x0a, 0x0a, 0x76, 0x6f, 0x69, 0x64, 0x20,
    0x6d, 0x61, 0x69, 0x6e, 0x28, 0x29, 0x0a, 0x7b, 0x0a, 0x20, 0x20, 0x20, 0x20, 0x68, 0x69, 0x67, 0x68, 0x70, 0x20,
    0x76, 0x65, 0x63, 0x32, 0x20, 0x5f, 0x36, 0x31, 0x20, 0x3d, 0x20, 0x6d, 0x69, 0x6e, 0x28, 0x75, 0x76, 0x2c, 0x20,
    0x76, 0x65, 0x63, 0x32, 0x28, 0x31, 0x2e, 0x30, 0x29, 0x20, 0x2d, 0x20, 0x75, 0x76, 0x29, 0x3b, 0x0a, 0x20, 0x20,
    0x20, 0x20, 0x66, 0x72, 0x61, 0x67, 0x5f, 0x63, 0x6f, 0x6c, 0x6f, 0x72, 0x20, 0x3d, 0x20, 0x76, 0x65, 0x63, 0x34,
    0x28, 0x28, 0x28, 0x74, 0x65, 0x78, 0x74, 0x75, 0x72, 0x65, 0x28, 0x74, 0x65, 0x78, 0x5f, 0x73, 0x6d, 0x70, 0x2c,
    0x20, 0x75, 0x76, 0x29, 0x2e, 0x78, 0x79, 0x7a, 0x20, 0x2a, 0x20, 0x28, 0x31, 0x2e, 0x30, 0x20, 0x2d, 0x20, 0x28,
    0x73, 0x63, 0x72, 0x65, 0x65, 0x6e, 0x5f, 0x66, 0x73, 0x5f, 0x70, 0x61, 0x72, 0x61, 0x6d, 0x73, 0x5b, 0x30, 0x5d,
    0x2e, 0x78, 0x20, 0x2a, 0x20, 0x28, 0x30, 0x2e, 0x35, 0x20, 0x2b, 0x20, 0x28, 0x30, 0x2e, 0x35, 0x20, 0x2a, 0x20,
    0x73, 0x69, 0x6e, 0x28, 0x28, 0x75, 0x76, 0x2e, 0x79, 0x20, 0x2a, 0x20, 0x73, 0x63, 0x72, 0x65, 0x65, 0x6e, 0x5f,
    0x66, 0x73, 0x5f, 0x70, 0x61, 0x72, 0x61, 0x6d, 0x73, 0x5b, 0x30, 0x5d, 0x2e, 0x79, 0x29, 0x20, 0x2a, 0x20, 0x33,
    0x2e, 0x31, 0x34, 0x31, 0x35, 0x39, 0x32, 0x37, 0x34, 0x31, 0x30, 0x31, 0x32, 0x35, 0x37, 0x33, 0x32, 0x34, 0x32,
    0x31, 0x38, 0x37, 0x35, 0x29, 0x29, 0x29, 0x29, 0x29, 0x29, 0x20, 0x2a, 0x20, 0x28, 0x30, 0x2e, 0x36, 0x30, 0x30,
    0x30, 0x30, 0x30, 0x30, 0x32, 0x33, 0x38, 0x34, 0x31, 0x38, 0x35, 0x37, 0x39, 0x31, 0x30, 0x31, 0x35, 0x36, 0x32,
    0x35, 0x20, 0x2b, 0x20, 0x28, 0x30, 0x2e, 0x34, 0x30, 0x30, 0x30, 0x30, 0x30, 0x30, 0x30, 0x35, 0x39, 0x36, 0x30,
    0x34, 0x36, 0x34, 0x34, 0x37, 0x37, 0x35, 0x33, 0x39, 0x30, 0x36, 0x32, 0x35, 0x20, 0x2a, 0x20, 0x73, 0x6d, 0x6f,
    0x6f, 0x74, 0x68, 0x73, 0x74, 0x65, 0x70, 0x28, 0x30, 0x2e, 0x30, 0x2c, 0x20, 0x30, 0x2e, 0x30, 0x32, 0x39, 0x39,
    0x39, 0x39, 0x39, 0x39, 0x39, 0x33, 0x32, 0x39, 0x34, 0x34, 0x37, 0x37, 0x34, 0x36, 0x32, 0x37, 0x36, 0x38, 0x35,
    0x35, 0x34, 0x36, 0x38, 0x37, 0x35, 0x2c, 0x20, 0x6d, 0x69, 0x6e, 0x28, 0x5f, 0x36, 0x31, 0x2e, 0x78, 0x2c, 0x20,
    0x5f, 0x36, 0x31, 0x2e, 0x79, 0x20, 0x2a, 0x20, 0x32, 0x2e, 0x30, 0x29, 0x29, 0x29, 0x29, 0x29, 0x20, 0x2a, 0x20,
    0x73, 0x63, 0x72, 0x65, 0x65, 0x6e, 0x5f, 0x66, 0x73, 0x5f, 0x70, 0x61, 0x72, 0x61, 0x6d, 0x73, 0x5b, 0x30, 0x5d,
    0x2e, 0x7a, 0x2c, 0x20, 0x31, 0x2e, 0x30, 0x29, 0x3b, 0x0a, 0x7d, 0x0a, 0x0a, 0x00,
];
pub fn screen_shader_desc(backend: sg::Backend) -> sg::ShaderDesc {
    let mut desc = sg::ShaderDesc::new();
    desc.label = c"screen_shader".as_ptr();
    match backend {
        sg::Backend::Glcore => {
            desc.vertex_func.source = &SCREEN_VS_SOURCE_GLSL410 as *const _ as *const _;
            desc.vertex_func.entry = c"main".as_ptr();
            desc.fragment_func.source = &SCREEN_FS_SOURCE_GLSL410 as *const _ as *const _;
            desc.fragment_func.entry = c"main".as_ptr();
            desc.uniform_blocks[0].stage = sg::ShaderStage::Vertex;
            desc.uniform_blocks[0].layout = sg::UniformLayout::Std140;
            desc.uniform_blocks[0].size = 64;
            desc.uniform_blocks[0].glsl_uniforms[0]._type = sg::UniformType::Float4;
            desc.uniform_blocks[0].glsl_uniforms[0].array_count = 4;
            desc.uniform_blocks[0].glsl_uniforms[0].glsl_name = c"screen_vs_params".as_ptr();
            desc.uniform_blocks[1].stage = sg::ShaderStage::Fragment;
            desc.uniform_blocks[1].layout = sg::UniformLayout::Std140;
            desc.uniform_blocks[1].size = 16;
            desc.uniform_blocks[1].glsl_uniforms[0]._type = sg::UniformType::Float4;
            desc.uniform_blocks[1].glsl_uniforms[0].array_count = 1;
            desc.uniform_blocks[1].glsl_uniforms[0].glsl_name = c"screen_fs_params".as_ptr();
            desc.views[0].texture.stage = sg::ShaderStage::Fragment;
            desc.views[0].texture.multisampled = false;
            desc.views[0].texture.image_type = sg::ImageType::Dim2;
            desc.views[0].texture.sample_type = sg::ImageSampleType::Float;
            desc.samplers[0].stage = sg::ShaderStage::Fragment;
            desc.samplers[0].sampler_type = sg::SamplerType::Filtering;
            desc.texture_sampler_pairs[0].stage = sg::ShaderStage::Fragment;
            desc.texture_sampler_pairs[0].view_slot = 0;
            desc.texture_sampler_pairs[0].sampler_slot = 0;
            desc.texture_sampler_pairs[0].glsl_name = c"tex_smp".as_ptr();
        }
        sg::Backend::Gles3 => {
            desc.vertex_func.source = &SCREEN_VS_SOURCE_GLSL300ES as *const _ as *const _;
            desc.vertex_func.entry = c"main".as_ptr();
            desc.fragment_func.source = &SCREEN_FS_SOURCE_GLSL300ES as *const _ as *const _;
            desc.fragment_func.entry = c"main".as_ptr();
            desc.uniform_blocks[0].stage = sg::ShaderStage::Vertex;
            desc.uniform_blocks[0].layout = sg::UniformLayout::Std140;
            desc.uniform_blocks[0].size = 64;
            desc.uniform_blocks[0].glsl_uniforms[0]._type = sg::UniformType::Float4;
            desc.uniform_blocks[0].glsl_uniforms[0].array_count = 4;
            desc.uniform_blocks[0].glsl_uniforms[0].glsl_name = c"screen_vs_params".as_ptr();
            desc.uniform_blocks[1].stage = sg::ShaderStage::Fragment;
            desc.uniform_blocks[1].layout = sg::UniformLayout::Std140;
            desc.uniform_blocks[1].size = 16;
            desc.uniform_blocks[1].glsl_uniforms[0]._type = sg::UniformType::Float4;
            desc.uniform_blocks[1].glsl_uniforms[0].array_count = 1;
            desc.uniform_blocks[1].glsl_uniforms[0].glsl_name = c"screen_fs_params".as_ptr();
            desc.views[0].texture.stage = sg::ShaderStage::Fragment;
            desc.views[0].texture.multisampled = false;
            desc.views[0].texture.image_type = sg::ImageType::Dim2;
            desc.views[0].texture.sample_type = sg::ImageSampleType::Float;
            desc.samplers[0].stage = sg::ShaderStage::Fragment;
            desc.samplers[0].sampler_type = sg::SamplerType::Filtering;
            desc.texture_sampler_pairs[0].stage = sg::ShaderStage::Fragment;
            desc.texture_sampler_pairs[0].view_slot = 0;
            desc.texture_sampler_pairs[0].sampler_slot = 0;
            desc.texture_sampler_pairs[0].glsl_name = c"tex_smp".as_ptr();
        }
        _ => {}
    }
    desc
}
pub fn sky_shader_desc(backend: sg::Backend) -> sg::ShaderDesc {
    let mut desc = sg::ShaderDesc::new();
    desc.label = c"sky_shader".as_ptr();
    match backend {
        sg::Backend::Glcore => {
            desc.vertex_func.source = &SKY_VS_SOURCE_GLSL410 as *const _ as *const _;
            desc.vertex_func.entry = c"main".as_ptr();
            desc.fragment_func.source = &SKY_FS_SOURCE_GLSL410 as *const _ as *const _;
            desc.fragment_func.entry = c"main".as_ptr();
            desc.uniform_blocks[0].stage = sg::ShaderStage::Vertex;
            desc.uniform_blocks[0].layout = sg::UniformLayout::Std140;
            desc.uniform_blocks[0].size = 64;
            desc.uniform_blocks[0].glsl_uniforms[0]._type = sg::UniformType::Float4;
            desc.uniform_blocks[0].glsl_uniforms[0].array_count = 4;
            desc.uniform_blocks[0].glsl_uniforms[0].glsl_name = c"sky_vs_params".as_ptr();
            desc.uniform_blocks[1].stage = sg::ShaderStage::Fragment;
            desc.uniform_blocks[1].layout = sg::UniformLayout::Std140;
            desc.uniform_blocks[1].size = 128;
            desc.uniform_blocks[1].glsl_uniforms[0]._type = sg::UniformType::Float4;
            desc.uniform_blocks[1].glsl_uniforms[0].array_count = 8;
            desc.uniform_blocks[1].glsl_uniforms[0].glsl_name = c"sky_fs_params".as_ptr();
        }
        sg::Backend::Gles3 => {
            desc.vertex_func.source = &SKY_VS_SOURCE_GLSL300ES as *const _ as *const _;
            desc.vertex_func.entry = c"main".as_ptr();
            desc.fragment_func.source = &SKY_FS_SOURCE_GLSL300ES as *const _ as *const _;
            desc.fragment_func.entry = c"main".as_ptr();
            desc.uniform_blocks[0].stage = sg::ShaderStage::Vertex;
            desc.uniform_blocks[0].layout = sg::UniformLayout::Std140;
            desc.uniform_blocks[0].size = 64;
            desc.uniform_blocks[0].glsl_uniforms[0]._type = sg::UniformType::Float4;
            desc.uniform_blocks[0].glsl_uniforms[0].array_count = 4;
            desc.uniform_blocks[0].glsl_uniforms[0].glsl_name = c"sky_vs_params".as_ptr();
            desc.uniform_blocks[1].stage = sg::ShaderStage::Fragment;
            desc.uniform_blocks[1].layout = sg::UniformLayout::Std140;
            desc.uniform_blocks[1].size = 128;
            desc.uniform_blocks[1].glsl_uniforms[0]._type = sg::UniformType::Float4;
            desc.uniform_blocks[1].glsl_uniforms[0].array_count = 8;
            desc.uniform_blocks[1].glsl_uniforms[0].glsl_name = c"sky_fs_params".as_ptr();
        }
        _ => {}
    }
    desc
}
